"n","pA","sdC1","sdC2","rho","estimator","tau","true_q","avg_q_hat","bias_q_hat","mse_q_hat","var_q_hat"
100,0.25,0.05,0.05,-0.5,"Direct",0.25,0.86365,0.943,0.07935,0.006296,NA
100,0.25,0.05,0.05,-0.5,"Direct",0.5,1.33703,1.545,0.20797,0.043251,NA
100,0.25,0.05,0.05,-0.5,"Direct",0.75,1.960201,2.185,0.224799,0.050535,NA
100,0.25,0.05,0.05,-0.5,"ISDLT",0.25,0.86365,0.959,0.09535,0.009092,NA
100,0.25,0.05,0.05,-0.5,"ISDLT",0.5,1.33703,1.569,0.23197,0.05381,NA
100,0.25,0.05,0.05,-0.5,"ISDLT",0.75,1.960201,2.203,0.242799,0.058951,NA
100,0.25,0.05,0.05,0,"Direct",0.25,0.86365,0.907,0.04335,0.001879,NA
100,0.25,0.05,0.05,0,"Direct",0.5,1.33703,1.396,0.05897,0.003477,NA
100,0.25,0.05,0.05,0,"Direct",0.75,1.960201,2.097,0.136799,0.018714,NA
100,0.25,0.05,0.05,0,"ISDLT",0.25,0.86365,0.881,0.01735,0.000301,NA
100,0.25,0.05,0.05,0,"ISDLT",0.5,1.33703,1.44,0.10297,0.010603,NA
100,0.25,0.05,0.05,0,"ISDLT",0.75,1.960201,2.149,0.188799,0.035645,NA
100,0.25,0.05,0.05,0.5,"Direct",0.25,0.86365,0.918,0.05435,0.002954,NA
100,0.25,0.05,0.05,0.5,"Direct",0.5,1.33703,1.411,0.07397,0.005472,NA
100,0.25,0.05,0.05,0.5,"Direct",0.75,1.960201,1.969,0.008799,7.7e-05,NA
100,0.25,0.05,0.05,0.5,"ISDLT",0.25,0.86365,0.977,0.11335,0.012848,NA
100,0.25,0.05,0.05,0.5,"ISDLT",0.5,1.33703,1.482,0.14497,0.021016,NA
100,0.25,0.05,0.05,0.5,"ISDLT",0.75,1.960201,2.151,0.190799,0.036404,NA
100,0.25,0.05,0.25,-0.5,"Direct",0.25,0.86365,0.819,-0.04465,0.001994,NA
100,0.25,0.05,0.25,-0.5,"Direct",0.5,1.33703,1.236,-0.10103,0.010207,NA
100,0.25,0.05,0.25,-0.5,"Direct",0.75,1.960201,2.003,0.042799,0.001832,NA
100,0.25,0.05,0.25,-0.5,"ISDLT",0.25,0.86365,0.889,0.02535,0.000643,NA
100,0.25,0.05,0.25,-0.5,"ISDLT",0.5,1.33703,1.357,0.01997,0.000399,NA
100,0.25,0.05,0.25,-0.5,"ISDLT",0.75,1.960201,2.002,0.041799,0.001747,NA
100,0.25,0.05,0.25,0,"Direct",0.25,0.86365,0.93,0.06635,0.004402,NA
100,0.25,0.05,0.25,0,"Direct",0.5,1.33703,1.475,0.13797,0.019036,NA
100,0.25,0.05,0.25,0,"Direct",0.75,1.960201,1.971,0.010799,0.000117,NA
100,0.25,0.05,0.25,0,"ISDLT",0.25,0.86365,1.011,0.14735,0.021712,NA
100,0.25,0.05,0.25,0,"ISDLT",0.5,1.33703,1.599,0.26197,0.068628,NA
100,0.25,0.05,0.25,0,"ISDLT",0.75,1.960201,2.078,0.117799,0.013877,NA
100,0.25,0.05,0.25,0.5,"Direct",0.25,0.86365,0.89,0.02635,0.000694,NA
100,0.25,0.05,0.25,0.5,"Direct",0.5,1.33703,1.377,0.03997,0.001598,NA
100,0.25,0.05,0.25,0.5,"Direct",0.75,1.960201,2,0.039799,0.001584,NA
100,0.25,0.05,0.25,0.5,"ISDLT",0.25,0.86365,0.97,0.10635,0.01131,NA
100,0.25,0.05,0.25,0.5,"ISDLT",0.5,1.33703,1.446,0.10897,0.011874,NA
100,0.25,0.05,0.25,0.5,"ISDLT",0.75,1.960201,2.372,0.411799,0.169578,NA
100,0.25,0.05,0.5,-0.5,"Direct",0.25,0.86365,0.804,-0.05965,0.003558,NA
100,0.25,0.05,0.5,-0.5,"Direct",0.5,1.33703,1.276,-0.06103,0.003725,NA
100,0.25,0.05,0.5,-0.5,"Direct",0.75,1.960201,1.726,-0.234201,0.05485,NA
100,0.25,0.05,0.5,-0.5,"ISDLT",0.25,0.86365,0.932,0.06835,0.004672,NA
100,0.25,0.05,0.5,-0.5,"ISDLT",0.5,1.33703,1.402,0.06497,0.004221,NA
100,0.25,0.05,0.5,-0.5,"ISDLT",0.75,1.960201,2.093,0.132799,0.017636,NA
100,0.25,0.05,0.5,0,"Direct",0.25,0.86365,0.735,-0.12865,0.016551,NA
100,0.25,0.05,0.5,0,"Direct",0.5,1.33703,1.179,-0.15803,0.024974,NA
100,0.25,0.05,0.5,0,"Direct",0.75,1.960201,1.799,-0.161201,0.025986,NA
100,0.25,0.05,0.5,0,"ISDLT",0.25,0.86365,0.771,-0.09265,0.008584,NA
100,0.25,0.05,0.5,0,"ISDLT",0.5,1.33703,1.307,-0.03003,0.000902,NA
100,0.25,0.05,0.5,0,"ISDLT",0.75,1.960201,1.877,-0.083201,0.006922,NA
100,0.25,0.05,0.5,0.5,"Direct",0.25,0.86365,0.818,-0.04565,0.002084,NA
100,0.25,0.05,0.5,0.5,"Direct",0.5,1.33703,1.296,-0.04103,0.001683,NA
100,0.25,0.05,0.5,0.5,"Direct",0.75,1.960201,1.795,-0.165201,0.027291,NA
100,0.25,0.05,0.5,0.5,"ISDLT",0.25,0.86365,0.749,-0.11465,0.013145,NA
100,0.25,0.05,0.5,0.5,"ISDLT",0.5,1.33703,1.249,-0.08803,0.007749,NA
100,0.25,0.05,0.5,0.5,"ISDLT",0.75,1.960201,1.956,-0.004201,1.8e-05,NA
100,0.25,0.1,0.05,-0.5,"Direct",0.25,0.86365,0.9,0.03635,0.001321,NA
100,0.25,0.1,0.05,-0.5,"Direct",0.5,1.33703,1.418,0.08097,0.006556,NA
100,0.25,0.1,0.05,-0.5,"Direct",0.75,1.960201,2.083,0.122799,0.01508,NA
100,0.25,0.1,0.05,-0.5,"ISDLT",0.25,0.86365,1.003,0.13935,0.019419,NA
100,0.25,0.1,0.05,-0.5,"ISDLT",0.5,1.33703,1.456,0.11897,0.014154,NA
100,0.25,0.1,0.05,-0.5,"ISDLT",0.75,1.960201,2.169,0.208799,0.043597,NA
100,0.25,0.1,0.05,0,"Direct",0.25,0.86365,0.87,0.00635,4e-05,NA
100,0.25,0.1,0.05,0,"Direct",0.5,1.33703,1.33,-0.00703,4.9e-05,NA
100,0.25,0.1,0.05,0,"Direct",0.75,1.960201,1.93,-0.030201,0.000912,NA
100,0.25,0.1,0.05,0,"ISDLT",0.25,0.86365,0.904,0.04035,0.001628,NA
100,0.25,0.1,0.05,0,"ISDLT",0.5,1.33703,1.345,0.00797,6.4e-05,NA
100,0.25,0.1,0.05,0,"ISDLT",0.75,1.960201,2.046,0.085799,0.007361,NA
100,0.25,0.1,0.05,0.5,"Direct",0.25,0.86365,1.021,0.15735,0.024759,NA
100,0.25,0.1,0.05,0.5,"Direct",0.5,1.33703,1.377,0.03997,0.001598,NA
100,0.25,0.1,0.05,0.5,"Direct",0.75,1.960201,1.813,-0.147201,0.021668,NA
100,0.25,0.1,0.05,0.5,"ISDLT",0.25,0.86365,0.962,0.09835,0.009673,NA
100,0.25,0.1,0.05,0.5,"ISDLT",0.5,1.33703,1.413,0.07597,0.005771,NA
100,0.25,0.1,0.05,0.5,"ISDLT",0.75,1.960201,1.961,0.000799,1e-06,NA
100,0.25,0.1,0.25,-0.5,"Direct",0.25,0.86365,0.926,0.06235,0.003888,NA
100,0.25,0.1,0.25,-0.5,"Direct",0.5,1.33703,1.37,0.03297,0.001087,NA
100,0.25,0.1,0.25,-0.5,"Direct",0.75,1.960201,1.917,-0.043201,0.001866,NA
100,0.25,0.1,0.25,-0.5,"ISDLT",0.25,0.86365,0.98,0.11635,0.013537,NA
100,0.25,0.1,0.25,-0.5,"ISDLT",0.5,1.33703,1.501,0.16397,0.026886,NA
100,0.25,0.1,0.25,-0.5,"ISDLT",0.75,1.960201,1.988,0.027799,0.000773,NA
100,0.25,0.1,0.25,0,"Direct",0.25,0.86365,0.765,-0.09865,0.009732,NA
100,0.25,0.1,0.25,0,"Direct",0.5,1.33703,1.275,-0.06203,0.003848,NA
100,0.25,0.1,0.25,0,"Direct",0.75,1.960201,1.775,-0.185201,0.034299,NA
100,0.25,0.1,0.25,0,"ISDLT",0.25,0.86365,0.875,0.01135,0.000129,NA
100,0.25,0.1,0.25,0,"ISDLT",0.5,1.33703,1.328,-0.00903,8.2e-05,NA
100,0.25,0.1,0.25,0,"ISDLT",0.75,1.960201,1.963,0.002799,8e-06,NA
100,0.25,0.1,0.25,0.5,"Direct",0.25,0.86365,0.922,0.05835,0.003405,NA
100,0.25,0.1,0.25,0.5,"Direct",0.5,1.33703,1.337,-3e-05,0,NA
100,0.25,0.1,0.25,0.5,"Direct",0.75,1.960201,1.676,-0.284201,0.08077,NA
100,0.25,0.1,0.25,0.5,"ISDLT",0.25,0.86365,0.82,-0.04365,0.001905,NA
100,0.25,0.1,0.25,0.5,"ISDLT",0.5,1.33703,1.23,-0.10703,0.011455,NA
100,0.25,0.1,0.25,0.5,"ISDLT",0.75,1.960201,1.797,-0.163201,0.026635,NA
100,0.25,0.1,0.5,-0.5,"Direct",0.25,0.86365,0.876,0.01235,0.000153,NA
100,0.25,0.1,0.5,-0.5,"Direct",0.5,1.33703,1.343,0.00597,3.6e-05,NA
100,0.25,0.1,0.5,-0.5,"Direct",0.75,1.960201,1.902,-0.058201,0.003387,NA
100,0.25,0.1,0.5,-0.5,"ISDLT",0.25,0.86365,0.828,-0.03565,0.001271,NA
100,0.25,0.1,0.5,-0.5,"ISDLT",0.5,1.33703,1.306,-0.03103,0.000963,NA
100,0.25,0.1,0.5,-0.5,"ISDLT",0.75,1.960201,2.008,0.047799,0.002285,NA
100,0.25,0.1,0.5,0,"Direct",0.25,0.86365,0.762,-0.10165,0.010333,NA
100,0.25,0.1,0.5,0,"Direct",0.5,1.33703,1.266,-0.07103,0.005045,NA
100,0.25,0.1,0.5,0,"Direct",0.75,1.960201,2.188,0.227799,0.051892,NA
100,0.25,0.1,0.5,0,"ISDLT",0.25,0.86365,0.788,-0.07565,0.005723,NA
100,0.25,0.1,0.5,0,"ISDLT",0.5,1.33703,1.473,0.13597,0.018488,NA
100,0.25,0.1,0.5,0,"ISDLT",0.75,1.960201,2.331,0.370799,0.137492,NA
100,0.25,0.1,0.5,0.5,"Direct",0.25,0.86365,0.885,0.02135,0.000456,NA
100,0.25,0.1,0.5,0.5,"Direct",0.5,1.33703,1.341,0.00397,1.6e-05,NA
100,0.25,0.1,0.5,0.5,"Direct",0.75,1.960201,2.189,0.228799,0.052349,NA
100,0.25,0.1,0.5,0.5,"ISDLT",0.25,0.86365,0.909,0.04535,0.002057,NA
100,0.25,0.1,0.5,0.5,"ISDLT",0.5,1.33703,1.513,0.17597,0.030965,NA
100,0.25,0.1,0.5,0.5,"ISDLT",0.75,1.960201,2.474,0.513799,0.263989,NA
100,0.25,0.5,0.05,-0.5,"Direct",0.25,0.86365,0.867,0.00335,1.1e-05,NA
100,0.25,0.5,0.05,-0.5,"Direct",0.5,1.33703,1.35,0.01297,0.000168,NA
100,0.25,0.5,0.05,-0.5,"Direct",0.75,1.960201,1.912,-0.048201,0.002323,NA
100,0.25,0.5,0.05,-0.5,"ISDLT",0.25,0.86365,0.89,0.02635,0.000694,NA
100,0.25,0.5,0.05,-0.5,"ISDLT",0.5,1.33703,1.378,0.04097,0.001679,NA
100,0.25,0.5,0.05,-0.5,"ISDLT",0.75,1.960201,1.973,0.012799,0.000164,NA
100,0.25,0.5,0.05,0,"Direct",0.25,0.86365,0.847,-0.01665,0.000277,NA
100,0.25,0.5,0.05,0,"Direct",0.5,1.33703,1.261,-0.07603,0.005781,NA
100,0.25,0.5,0.05,0,"Direct",0.75,1.960201,1.749,-0.211201,0.044606,NA
100,0.25,0.5,0.05,0,"ISDLT",0.25,0.86365,0.905,0.04135,0.00171,NA
100,0.25,0.5,0.05,0,"ISDLT",0.5,1.33703,1.42,0.08297,0.006884,NA
100,0.25,0.5,0.05,0,"ISDLT",0.75,1.960201,2.064,0.103799,0.010774,NA
100,0.25,0.5,0.05,0.5,"Direct",0.25,0.86365,0.794,-0.06965,0.004851,NA
100,0.25,0.5,0.05,0.5,"Direct",0.5,1.33703,1.241,-0.09603,0.009222,NA
100,0.25,0.5,0.05,0.5,"Direct",0.75,1.960201,1.926,-0.034201,0.00117,NA
100,0.25,0.5,0.05,0.5,"ISDLT",0.25,0.86365,0.615,-0.24865,0.061827,NA
100,0.25,0.5,0.05,0.5,"ISDLT",0.5,1.33703,1.273,-0.06403,0.0041,NA
100,0.25,0.5,0.05,0.5,"ISDLT",0.75,1.960201,2.069,0.108799,0.011837,NA
100,0.25,0.5,0.25,-0.5,"Direct",0.25,0.86365,0.998,0.13435,0.01805,NA
100,0.25,0.5,0.25,-0.5,"Direct",0.5,1.33703,1.65,0.31297,0.09795,NA
100,0.25,0.5,0.25,-0.5,"Direct",0.75,1.960201,1.979,0.018799,0.000353,NA
100,0.25,0.5,0.25,-0.5,"ISDLT",0.25,0.86365,1.016,0.15235,0.023211,NA
100,0.25,0.5,0.25,-0.5,"ISDLT",0.5,1.33703,1.481,0.14397,0.020727,NA
100,0.25,0.5,0.25,-0.5,"ISDLT",0.75,1.960201,1.935,-0.025201,0.000635,NA
100,0.25,0.5,0.25,0,"Direct",0.25,0.86365,0.838,-0.02565,0.000658,NA
100,0.25,0.5,0.25,0,"Direct",0.5,1.33703,1.303,-0.03403,0.001158,NA
100,0.25,0.5,0.25,0,"Direct",0.75,1.960201,2.01,0.049799,0.00248,NA
100,0.25,0.5,0.25,0,"ISDLT",0.25,0.86365,0.81,-0.05365,0.002878,NA
100,0.25,0.5,0.25,0,"ISDLT",0.5,1.33703,1.449,0.11197,0.012537,NA
100,0.25,0.5,0.25,0,"ISDLT",0.75,1.960201,2.265,0.304799,0.092902,NA
100,0.25,0.5,0.25,0.5,"Direct",0.25,0.86365,0.819,-0.04465,0.001994,NA
100,0.25,0.5,0.25,0.5,"Direct",0.5,1.33703,1.227,-0.11003,0.012107,NA
100,0.25,0.5,0.25,0.5,"Direct",0.75,1.960201,1.923,-0.037201,0.001384,NA
100,0.25,0.5,0.25,0.5,"ISDLT",0.25,0.86365,0.697,-0.16665,0.027772,NA
100,0.25,0.5,0.25,0.5,"ISDLT",0.5,1.33703,1.413,0.07597,0.005771,NA
100,0.25,0.5,0.25,0.5,"ISDLT",0.75,1.960201,2.336,0.375799,0.141225,NA
100,0.25,0.5,0.5,-0.5,"Direct",0.25,0.86365,1.043,0.17935,0.032167,NA
100,0.25,0.5,0.5,-0.5,"Direct",0.5,1.33703,1.435,0.09797,0.009598,NA
100,0.25,0.5,0.5,-0.5,"Direct",0.75,1.960201,2.197,0.236799,0.056074,NA
100,0.25,0.5,0.5,-0.5,"ISDLT",0.25,0.86365,0.898,0.03435,0.00118,NA
100,0.25,0.5,0.5,-0.5,"ISDLT",0.5,1.33703,1.54,0.20297,0.041197,NA
100,0.25,0.5,0.5,-0.5,"ISDLT",0.75,1.960201,2.268,0.307799,0.09474,NA
100,0.25,0.5,0.5,0,"Direct",0.25,0.86365,0.964,0.10035,0.01007,NA
100,0.25,0.5,0.5,0,"Direct",0.5,1.33703,1.386,0.04897,0.002398,NA
100,0.25,0.5,0.5,0,"Direct",0.75,1.960201,2.008,0.047799,0.002285,NA
100,0.25,0.5,0.5,0,"ISDLT",0.25,0.86365,0.892,0.02835,0.000804,NA
100,0.25,0.5,0.5,0,"ISDLT",0.5,1.33703,1.61,0.27297,0.074513,NA
100,0.25,0.5,0.5,0,"ISDLT",0.75,1.960201,2.304,0.343799,0.118198,NA
100,0.25,0.5,0.5,0.5,"Direct",0.25,0.86365,0.743,-0.12065,0.014556,NA
100,0.25,0.5,0.5,0.5,"Direct",0.5,1.33703,1.131,-0.20603,0.042448,NA
100,0.25,0.5,0.5,0.5,"Direct",0.75,1.960201,1.744,-0.216201,0.046743,NA
100,0.25,0.5,0.5,0.5,"ISDLT",0.25,0.86365,0.609,-0.25465,0.064846,NA
100,0.25,0.5,0.5,0.5,"ISDLT",0.5,1.33703,1.313,-0.02403,0.000577,NA
100,0.25,0.5,0.5,0.5,"ISDLT",0.75,1.960201,2.318,0.357799,0.12802,NA
100,0.5,0.05,0.05,-0.5,"Direct",0.25,0.86365,0.814,-0.04965,0.002465,NA
100,0.5,0.05,0.05,-0.5,"Direct",0.5,1.33703,1.307,-0.03003,0.000902,NA
100,0.5,0.05,0.05,-0.5,"Direct",0.75,1.960201,1.715,-0.245201,0.060124,NA
100,0.5,0.05,0.05,-0.5,"ISDLT",0.25,0.86365,0.871,0.00735,5.4e-05,NA
100,0.5,0.05,0.05,-0.5,"ISDLT",0.5,1.33703,1.315,-0.02203,0.000485,NA
100,0.5,0.05,0.05,-0.5,"ISDLT",0.75,1.960201,1.713,-0.247201,0.061108,NA
100,0.5,0.05,0.05,0,"Direct",0.25,0.86365,0.949,0.08535,0.007285,NA
100,0.5,0.05,0.05,0,"Direct",0.5,1.33703,1.323,-0.01403,0.000197,NA
100,0.5,0.05,0.05,0,"Direct",0.75,1.960201,1.948,-0.012201,0.000149,NA
100,0.5,0.05,0.05,0,"ISDLT",0.25,0.86365,0.978,0.11435,0.013076,NA
100,0.5,0.05,0.05,0,"ISDLT",0.5,1.33703,1.369,0.03197,0.001022,NA
100,0.5,0.05,0.05,0,"ISDLT",0.75,1.960201,2.069,0.108799,0.011837,NA
100,0.5,0.05,0.05,0.5,"Direct",0.25,0.86365,0.692,-0.17165,0.029464,NA
100,0.5,0.05,0.05,0.5,"Direct",0.5,1.33703,1.189,-0.14803,0.021913,NA
100,0.5,0.05,0.05,0.5,"Direct",0.75,1.960201,1.822,-0.138201,0.0191,NA
100,0.5,0.05,0.05,0.5,"ISDLT",0.25,0.86365,0.69,-0.17365,0.030154,NA
100,0.5,0.05,0.05,0.5,"ISDLT",0.5,1.33703,1.222,-0.11503,0.013232,NA
100,0.5,0.05,0.05,0.5,"ISDLT",0.75,1.960201,1.863,-0.097201,0.009448,NA
100,0.5,0.05,0.25,-0.5,"Direct",0.25,0.86365,0.79,-0.07365,0.005424,NA
100,0.5,0.05,0.25,-0.5,"Direct",0.5,1.33703,1.259,-0.07803,0.006089,NA
100,0.5,0.05,0.25,-0.5,"Direct",0.75,1.960201,2.294,0.333799,0.111422,NA
100,0.5,0.05,0.25,-0.5,"ISDLT",0.25,0.86365,0.853,-0.01065,0.000113,NA
100,0.5,0.05,0.25,-0.5,"ISDLT",0.5,1.33703,1.375,0.03797,0.001442,NA
100,0.5,0.05,0.25,-0.5,"ISDLT",0.75,1.960201,2.231,0.270799,0.073332,NA
100,0.5,0.05,0.25,0,"Direct",0.25,0.86365,0.826,-0.03765,0.001418,NA
100,0.5,0.05,0.25,0,"Direct",0.5,1.33703,1.163,-0.17403,0.030286,NA
100,0.5,0.05,0.25,0,"Direct",0.75,1.960201,2.008,0.047799,0.002285,NA
100,0.5,0.05,0.25,0,"ISDLT",0.25,0.86365,0.826,-0.03765,0.001418,NA
100,0.5,0.05,0.25,0,"ISDLT",0.5,1.33703,1.207,-0.13003,0.016908,NA
100,0.5,0.05,0.25,0,"ISDLT",0.75,1.960201,2.138,0.177799,0.031612,NA
100,0.5,0.05,0.25,0.5,"Direct",0.25,0.86365,0.82,-0.04365,0.001905,NA
100,0.5,0.05,0.25,0.5,"Direct",0.5,1.33703,1.161,-0.17603,0.030987,NA
100,0.5,0.05,0.25,0.5,"Direct",0.75,1.960201,1.982,0.021799,0.000475,NA
100,0.5,0.05,0.25,0.5,"ISDLT",0.25,0.86365,0.799,-0.06465,0.00418,NA
100,0.5,0.05,0.25,0.5,"ISDLT",0.5,1.33703,1.331,-0.00603,3.6e-05,NA
100,0.5,0.05,0.25,0.5,"ISDLT",0.75,1.960201,2.17,0.209799,0.044016,NA
100,0.5,0.05,0.5,-0.5,"Direct",0.25,0.86365,1.047,0.18335,0.033617,NA
100,0.5,0.05,0.5,-0.5,"Direct",0.5,1.33703,1.36,0.02297,0.000528,NA
100,0.5,0.05,0.5,-0.5,"Direct",0.75,1.960201,1.93,-0.030201,0.000912,NA
100,0.5,0.05,0.5,-0.5,"ISDLT",0.25,0.86365,0.964,0.10035,0.01007,NA
100,0.5,0.05,0.5,-0.5,"ISDLT",0.5,1.33703,1.327,-0.01003,0.000101,NA
100,0.5,0.05,0.5,-0.5,"ISDLT",0.75,1.960201,1.787,-0.173201,0.029999,NA
100,0.5,0.05,0.5,0,"Direct",0.25,0.86365,0.885,0.02135,0.000456,NA
100,0.5,0.05,0.5,0,"Direct",0.5,1.33703,1.271,-0.06603,0.00436,NA
100,0.5,0.05,0.5,0,"Direct",0.75,1.960201,2.051,0.090799,0.008244,NA
100,0.5,0.05,0.5,0,"ISDLT",0.25,0.86365,0.942,0.07835,0.006139,NA
100,0.5,0.05,0.5,0,"ISDLT",0.5,1.33703,1.46,0.12297,0.015122,NA
100,0.5,0.05,0.5,0,"ISDLT",0.75,1.960201,2.199,0.238799,0.057025,NA
100,0.5,0.05,0.5,0.5,"Direct",0.25,0.86365,0.929,0.06535,0.004271,NA
100,0.5,0.05,0.5,0.5,"Direct",0.5,1.33703,1.306,-0.03103,0.000963,NA
100,0.5,0.05,0.5,0.5,"Direct",0.75,1.960201,1.86,-0.100201,0.01004,NA
100,0.5,0.05,0.5,0.5,"ISDLT",0.25,0.86365,0.755,-0.10865,0.011805,NA
100,0.5,0.05,0.5,0.5,"ISDLT",0.5,1.33703,1.302,-0.03503,0.001227,NA
100,0.5,0.05,0.5,0.5,"ISDLT",0.75,1.960201,2.092,0.131799,0.017371,NA
100,0.5,0.1,0.05,-0.5,"Direct",0.25,0.86365,0.883,0.01935,0.000374,NA
100,0.5,0.1,0.05,-0.5,"Direct",0.5,1.33703,1.402,0.06497,0.004221,NA
100,0.5,0.1,0.05,-0.5,"Direct",0.75,1.960201,1.884,-0.076201,0.005807,NA
100,0.5,0.1,0.05,-0.5,"ISDLT",0.25,0.86365,0.931,0.06735,0.004536,NA
100,0.5,0.1,0.05,-0.5,"ISDLT",0.5,1.33703,1.402,0.06497,0.004221,NA
100,0.5,0.1,0.05,-0.5,"ISDLT",0.75,1.960201,1.919,-0.041201,0.001698,NA
100,0.5,0.1,0.05,0,"Direct",0.25,0.86365,0.989,0.12535,0.015713,NA
100,0.5,0.1,0.05,0,"Direct",0.5,1.33703,1.33,-0.00703,4.9e-05,NA
100,0.5,0.1,0.05,0,"Direct",0.75,1.960201,1.951,-0.009201,8.5e-05,NA
100,0.5,0.1,0.05,0,"ISDLT",0.25,0.86365,1.022,0.15835,0.025075,NA
100,0.5,0.1,0.05,0,"ISDLT",0.5,1.33703,1.344,0.00697,4.9e-05,NA
100,0.5,0.1,0.05,0,"ISDLT",0.75,1.960201,1.998,0.037799,0.001429,NA
100,0.5,0.1,0.05,0.5,"Direct",0.25,0.86365,0.871,0.00735,5.4e-05,NA
100,0.5,0.1,0.05,0.5,"Direct",0.5,1.33703,1.288,-0.04903,0.002404,NA
100,0.5,0.1,0.05,0.5,"Direct",0.75,1.960201,1.948,-0.012201,0.000149,NA
100,0.5,0.1,0.05,0.5,"ISDLT",0.25,0.86365,0.855,-0.00865,7.5e-05,NA
100,0.5,0.1,0.05,0.5,"ISDLT",0.5,1.33703,1.355,0.01797,0.000323,NA
100,0.5,0.1,0.05,0.5,"ISDLT",0.75,1.960201,1.986,0.025799,0.000666,NA
100,0.5,0.1,0.25,-0.5,"Direct",0.25,0.86365,0.886,0.02235,5e-04,NA
100,0.5,0.1,0.25,-0.5,"Direct",0.5,1.33703,1.492,0.15497,0.024016,NA
100,0.5,0.1,0.25,-0.5,"Direct",0.75,1.960201,2.243,0.282799,0.079975,NA
100,0.5,0.1,0.25,-0.5,"ISDLT",0.25,0.86365,0.992,0.12835,0.016474,NA
100,0.5,0.1,0.25,-0.5,"ISDLT",0.5,1.33703,1.531,0.19397,0.037624,NA
100,0.5,0.1,0.25,-0.5,"ISDLT",0.75,1.960201,2.195,0.234799,0.055131,NA
100,0.5,0.1,0.25,0,"Direct",0.25,0.86365,0.95,0.08635,0.007456,NA
100,0.5,0.1,0.25,0,"Direct",0.5,1.33703,1.349,0.01197,0.000143,NA
100,0.5,0.1,0.25,0,"Direct",0.75,1.960201,1.999,0.038799,0.001505,NA
100,0.5,0.1,0.25,0,"ISDLT",0.25,0.86365,0.906,0.04235,0.001794,NA
100,0.5,0.1,0.25,0,"ISDLT",0.5,1.33703,1.466,0.12897,0.016633,NA
100,0.5,0.1,0.25,0,"ISDLT",0.75,1.960201,2.185,0.224799,0.050535,NA
100,0.5,0.1,0.25,0.5,"Direct",0.25,0.86365,0.878,0.01435,0.000206,NA
100,0.5,0.1,0.25,0.5,"Direct",0.5,1.33703,1.28,-0.05703,0.003252,NA
100,0.5,0.1,0.25,0.5,"Direct",0.75,1.960201,1.922,-0.038201,0.001459,NA
100,0.5,0.1,0.25,0.5,"ISDLT",0.25,0.86365,0.848,-0.01565,0.000245,NA
100,0.5,0.1,0.25,0.5,"ISDLT",0.5,1.33703,1.317,-0.02003,0.000401,NA
100,0.5,0.1,0.25,0.5,"ISDLT",0.75,1.960201,2.02,0.059799,0.003576,NA
100,0.5,0.1,0.5,-0.5,"Direct",0.25,0.86365,0.943,0.07935,0.006296,NA
100,0.5,0.1,0.5,-0.5,"Direct",0.5,1.33703,1.306,-0.03103,0.000963,NA
100,0.5,0.1,0.5,-0.5,"Direct",0.75,1.960201,1.8,-0.160201,0.025664,NA
100,0.5,0.1,0.5,-0.5,"ISDLT",0.25,0.86365,0.919,0.05535,0.003064,NA
100,0.5,0.1,0.5,-0.5,"ISDLT",0.5,1.33703,1.317,-0.02003,0.000401,NA
100,0.5,0.1,0.5,-0.5,"ISDLT",0.75,1.960201,1.877,-0.083201,0.006922,NA
100,0.5,0.1,0.5,0,"Direct",0.25,0.86365,0.837,-0.02665,0.00071,NA
100,0.5,0.1,0.5,0,"Direct",0.5,1.33703,1.359,0.02197,0.000483,NA
100,0.5,0.1,0.5,0,"Direct",0.75,1.960201,1.962,0.001799,3e-06,NA
100,0.5,0.1,0.5,0,"ISDLT",0.25,0.86365,0.817,-0.04665,0.002176,NA
100,0.5,0.1,0.5,0,"ISDLT",0.5,1.33703,1.428,0.09097,0.008276,NA
100,0.5,0.1,0.5,0,"ISDLT",0.75,1.960201,2.254,0.293799,0.086318,NA
100,0.5,0.1,0.5,0.5,"Direct",0.25,0.86365,0.752,-0.11165,0.012466,NA
100,0.5,0.1,0.5,0.5,"Direct",0.5,1.33703,1.145,-0.19203,0.036876,NA
100,0.5,0.1,0.5,0.5,"Direct",0.75,1.960201,1.591,-0.369201,0.136309,NA
100,0.5,0.1,0.5,0.5,"ISDLT",0.25,0.86365,0.544,-0.31965,0.102176,NA
100,0.5,0.1,0.5,0.5,"ISDLT",0.5,1.33703,1.117,-0.22003,0.048413,NA
100,0.5,0.1,0.5,0.5,"ISDLT",0.75,1.960201,1.869,-0.091201,0.008318,NA
100,0.5,0.5,0.05,-0.5,"Direct",0.25,0.86365,0.795,-0.06865,0.004713,NA
100,0.5,0.5,0.05,-0.5,"Direct",0.5,1.33703,1.413,0.07597,0.005771,NA
100,0.5,0.5,0.05,-0.5,"Direct",0.75,1.960201,1.815,-0.145201,0.021083,NA
100,0.5,0.5,0.05,-0.5,"ISDLT",0.25,0.86365,0.889,0.02535,0.000643,NA
100,0.5,0.5,0.05,-0.5,"ISDLT",0.5,1.33703,1.447,0.10997,0.012093,NA
100,0.5,0.5,0.05,-0.5,"ISDLT",0.75,1.960201,1.953,-0.007201,5.2e-05,NA
100,0.5,0.5,0.05,0,"Direct",0.25,0.86365,0.908,0.04435,0.001967,NA
100,0.5,0.5,0.05,0,"Direct",0.5,1.33703,1.307,-0.03003,0.000902,NA
100,0.5,0.5,0.05,0,"Direct",0.75,1.960201,2.148,0.187799,0.035268,NA
100,0.5,0.5,0.05,0,"ISDLT",0.25,0.86365,0.958,0.09435,0.008902,NA
100,0.5,0.5,0.05,0,"ISDLT",0.5,1.33703,1.501,0.16397,0.026886,NA
100,0.5,0.5,0.05,0,"ISDLT",0.75,1.960201,2.352,0.391799,0.153506,NA
100,0.5,0.5,0.05,0.5,"Direct",0.25,0.86365,0.972,0.10835,0.01174,NA
100,0.5,0.5,0.05,0.5,"Direct",0.5,1.33703,1.365,0.02797,0.000782,NA
100,0.5,0.5,0.05,0.5,"Direct",0.75,1.960201,1.935,-0.025201,0.000635,NA
100,0.5,0.5,0.05,0.5,"ISDLT",0.25,0.86365,0.867,0.00335,1.1e-05,NA
100,0.5,0.5,0.05,0.5,"ISDLT",0.5,1.33703,1.373,0.03597,0.001294,NA
100,0.5,0.5,0.05,0.5,"ISDLT",0.75,1.960201,2.115,0.154799,0.023963,NA
100,0.5,0.5,0.25,-0.5,"Direct",0.25,0.86365,0.844,-0.01965,0.000386,NA
100,0.5,0.5,0.25,-0.5,"Direct",0.5,1.33703,1.253,-0.08403,0.007061,NA
100,0.5,0.5,0.25,-0.5,"Direct",0.75,1.960201,1.831,-0.129201,0.016693,NA
100,0.5,0.5,0.25,-0.5,"ISDLT",0.25,0.86365,0.936,0.07235,0.005235,NA
100,0.5,0.5,0.25,-0.5,"ISDLT",0.5,1.33703,1.424,0.08697,0.007564,NA
100,0.5,0.5,0.25,-0.5,"ISDLT",0.75,1.960201,1.976,0.015799,0.00025,NA
100,0.5,0.5,0.25,0,"Direct",0.25,0.86365,0.868,0.00435,1.9e-05,NA
100,0.5,0.5,0.25,0,"Direct",0.5,1.33703,1.38,0.04297,0.001846,NA
100,0.5,0.5,0.25,0,"Direct",0.75,1.960201,2.021,0.060799,0.003697,NA
100,0.5,0.5,0.25,0,"ISDLT",0.25,0.86365,0.912,0.04835,0.002338,NA
100,0.5,0.5,0.25,0,"ISDLT",0.5,1.33703,1.574,0.23697,0.056155,NA
100,0.5,0.5,0.25,0,"ISDLT",0.75,1.960201,2.313,0.352799,0.124467,NA
100,0.5,0.5,0.25,0.5,"Direct",0.25,0.86365,0.93,0.06635,0.004402,NA
100,0.5,0.5,0.25,0.5,"Direct",0.5,1.33703,1.367,0.02997,0.000898,NA
100,0.5,0.5,0.25,0.5,"Direct",0.75,1.960201,1.903,-0.057201,0.003272,NA
100,0.5,0.5,0.25,0.5,"ISDLT",0.25,0.86365,0.852,-0.01165,0.000136,NA
100,0.5,0.5,0.25,0.5,"ISDLT",0.5,1.33703,1.425,0.08797,0.007739,NA
100,0.5,0.5,0.25,0.5,"ISDLT",0.75,1.960201,2.146,0.185799,0.034521,NA
100,0.5,0.5,0.5,-0.5,"Direct",0.25,0.86365,0.821,-0.04265,0.001819,NA
100,0.5,0.5,0.5,-0.5,"Direct",0.5,1.33703,1.415,0.07797,0.006079,NA
100,0.5,0.5,0.5,-0.5,"Direct",0.75,1.960201,2.291,0.330799,0.109428,NA
100,0.5,0.5,0.5,-0.5,"ISDLT",0.25,0.86365,0.887,0.02335,0.000545,NA
100,0.5,0.5,0.5,-0.5,"ISDLT",0.5,1.33703,1.501,0.16397,0.026886,NA
100,0.5,0.5,0.5,-0.5,"ISDLT",0.75,1.960201,2.226,0.265799,0.070649,NA
100,0.5,0.5,0.5,0,"Direct",0.25,0.86365,0.832,-0.03165,0.001002,NA
100,0.5,0.5,0.5,0,"Direct",0.5,1.33703,1.44,0.10297,0.010603,NA
100,0.5,0.5,0.5,0,"Direct",0.75,1.960201,1.942,-0.018201,0.000331,NA
100,0.5,0.5,0.5,0,"ISDLT",0.25,0.86365,0.735,-0.12865,0.016551,NA
100,0.5,0.5,0.5,0,"ISDLT",0.5,1.33703,1.448,0.11097,0.012314,NA
100,0.5,0.5,0.5,0,"ISDLT",0.75,1.960201,2.269,0.308799,0.095357,NA
100,0.5,0.5,0.5,0.5,"Direct",0.25,0.86365,0.766,-0.09765,0.009535,NA
100,0.5,0.5,0.5,0.5,"Direct",0.5,1.33703,1.274,-0.06303,0.003973,NA
100,0.5,0.5,0.5,0.5,"Direct",0.75,1.960201,1.879,-0.081201,0.006594,NA
100,0.5,0.5,0.5,0.5,"ISDLT",0.25,0.86365,0.48,-0.38365,0.147187,NA
100,0.5,0.5,0.5,0.5,"ISDLT",0.5,1.33703,1.31,-0.02703,0.000731,NA
100,0.5,0.5,0.5,0.5,"ISDLT",0.75,1.960201,2.256,0.295799,0.087497,NA
100,0.75,0.05,0.05,-0.5,"Direct",0.25,0.86365,0.94,0.07635,0.005829,NA
100,0.75,0.05,0.05,-0.5,"Direct",0.5,1.33703,1.259,-0.07803,0.006089,NA
100,0.75,0.05,0.05,-0.5,"Direct",0.75,1.960201,1.895,-0.065201,0.004251,NA
100,0.75,0.05,0.05,-0.5,"ISDLT",0.25,0.86365,0.98,0.11635,0.013537,NA
100,0.75,0.05,0.05,-0.5,"ISDLT",0.5,1.33703,1.311,-0.02603,0.000678,NA
100,0.75,0.05,0.05,-0.5,"ISDLT",0.75,1.960201,1.992,0.031799,0.001011,NA
100,0.75,0.05,0.05,0,"Direct",0.25,0.86365,0.925,0.06135,0.003764,NA
100,0.75,0.05,0.05,0,"Direct",0.5,1.33703,1.41,0.07297,0.005325,NA
100,0.75,0.05,0.05,0,"Direct",0.75,1.960201,2.019,0.058799,0.003457,NA
100,0.75,0.05,0.05,0,"ISDLT",0.25,0.86365,0.879,0.01535,0.000236,NA
100,0.75,0.05,0.05,0,"ISDLT",0.5,1.33703,1.365,0.02797,0.000782,NA
100,0.75,0.05,0.05,0,"ISDLT",0.75,1.960201,2.04,0.079799,0.006368,NA
100,0.75,0.05,0.05,0.5,"Direct",0.25,0.86365,0.795,-0.06865,0.004713,NA
100,0.75,0.05,0.05,0.5,"Direct",0.5,1.33703,1.427,0.08997,0.008095,NA
100,0.75,0.05,0.05,0.5,"Direct",0.75,1.960201,1.995,0.034799,0.001211,NA
100,0.75,0.05,0.05,0.5,"ISDLT",0.25,0.86365,0.936,0.07235,0.005235,NA
100,0.75,0.05,0.05,0.5,"ISDLT",0.5,1.33703,1.449,0.11197,0.012537,NA
100,0.75,0.05,0.05,0.5,"ISDLT",0.75,1.960201,2.05,0.089799,0.008064,NA
100,0.75,0.05,0.25,-0.5,"Direct",0.25,0.86365,0.977,0.11335,0.012848,NA
100,0.75,0.05,0.25,-0.5,"Direct",0.5,1.33703,1.421,0.08397,0.007051,NA
100,0.75,0.05,0.25,-0.5,"Direct",0.75,1.960201,2.148,0.187799,0.035268,NA
100,0.75,0.05,0.25,-0.5,"ISDLT",0.25,0.86365,1.099,0.23535,0.05539,NA
100,0.75,0.05,0.25,-0.5,"ISDLT",0.5,1.33703,1.528,0.19097,0.036469,NA
100,0.75,0.05,0.25,-0.5,"ISDLT",0.75,1.960201,2.106,0.145799,0.021257,NA
100,0.75,0.05,0.25,0,"Direct",0.25,0.86365,0.678,-0.18565,0.034466,NA
100,0.75,0.05,0.25,0,"Direct",0.5,1.33703,1.267,-0.07003,0.004904,NA
100,0.75,0.05,0.25,0,"Direct",0.75,1.960201,1.769,-0.191201,0.036558,NA
100,0.75,0.05,0.25,0,"ISDLT",0.25,0.86365,0.771,-0.09265,0.008584,NA
100,0.75,0.05,0.25,0,"ISDLT",0.5,1.33703,1.305,-0.03203,0.001026,NA
100,0.75,0.05,0.25,0,"ISDLT",0.75,1.960201,1.826,-0.134201,0.01801,NA
100,0.75,0.05,0.25,0.5,"Direct",0.25,0.86365,0.806,-0.05765,0.003323,NA
100,0.75,0.05,0.25,0.5,"Direct",0.5,1.33703,1.277,-0.06003,0.003604,NA
100,0.75,0.05,0.25,0.5,"Direct",0.75,1.960201,1.819,-0.141201,0.019938,NA
100,0.75,0.05,0.25,0.5,"ISDLT",0.25,0.86365,0.808,-0.05565,0.003097,NA
100,0.75,0.05,0.25,0.5,"ISDLT",0.5,1.33703,1.386,0.04897,0.002398,NA
100,0.75,0.05,0.25,0.5,"ISDLT",0.75,1.960201,2.033,0.072799,0.0053,NA
100,0.75,0.05,0.5,-0.5,"Direct",0.25,0.86365,0.893,0.02935,0.000861,NA
100,0.75,0.05,0.5,-0.5,"Direct",0.5,1.33703,1.262,-0.07503,0.00563,NA
100,0.75,0.05,0.5,-0.5,"Direct",0.75,1.960201,1.643,-0.317201,0.100616,NA
100,0.75,0.05,0.5,-0.5,"ISDLT",0.25,0.86365,0.798,-0.06565,0.00431,NA
100,0.75,0.05,0.5,-0.5,"ISDLT",0.5,1.33703,1.256,-0.08103,0.006566,NA
100,0.75,0.05,0.5,-0.5,"ISDLT",0.75,1.960201,1.779,-0.181201,0.032834,NA
100,0.75,0.05,0.5,0,"Direct",0.25,0.86365,0.937,0.07335,0.00538,NA
100,0.75,0.05,0.5,0,"Direct",0.5,1.33703,1.498,0.16097,0.025911,NA
100,0.75,0.05,0.5,0,"Direct",0.75,1.960201,2.225,0.264799,0.070118,NA
100,0.75,0.05,0.5,0,"ISDLT",0.25,0.86365,0.948,0.08435,0.007115,NA
100,0.75,0.05,0.5,0,"ISDLT",0.5,1.33703,1.609,0.27197,0.073968,NA
100,0.75,0.05,0.5,0,"ISDLT",0.75,1.960201,2.443,0.482799,0.233095,NA
100,0.75,0.05,0.5,0.5,"Direct",0.25,0.86365,0.781,-0.08265,0.006831,NA
100,0.75,0.05,0.5,0.5,"Direct",0.5,1.33703,1.33,-0.00703,4.9e-05,NA
100,0.75,0.05,0.5,0.5,"Direct",0.75,1.960201,2.021,0.060799,0.003697,NA
100,0.75,0.05,0.5,0.5,"ISDLT",0.25,0.86365,0.632,-0.23165,0.053662,NA
100,0.75,0.05,0.5,0.5,"ISDLT",0.5,1.33703,1.296,-0.04103,0.001683,NA
100,0.75,0.05,0.5,0.5,"ISDLT",0.75,1.960201,2.072,0.111799,0.012499,NA
100,0.75,0.1,0.05,-0.5,"Direct",0.25,0.86365,0.831,-0.03265,0.001066,NA
100,0.75,0.1,0.05,-0.5,"Direct",0.5,1.33703,1.298,-0.03903,0.001523,NA
100,0.75,0.1,0.05,-0.5,"Direct",0.75,1.960201,1.972,0.011799,0.000139,NA
100,0.75,0.1,0.05,-0.5,"ISDLT",0.25,0.86365,0.979,0.11535,0.013306,NA
100,0.75,0.1,0.05,-0.5,"ISDLT",0.5,1.33703,1.418,0.08097,0.006556,NA
100,0.75,0.1,0.05,-0.5,"ISDLT",0.75,1.960201,2.284,0.323799,0.104846,NA
100,0.75,0.1,0.05,0,"Direct",0.25,0.86365,0.902,0.03835,0.001471,NA
100,0.75,0.1,0.05,0,"Direct",0.5,1.33703,1.408,0.07097,0.005037,NA
100,0.75,0.1,0.05,0,"Direct",0.75,1.960201,2.028,0.067799,0.004597,NA
100,0.75,0.1,0.05,0,"ISDLT",0.25,0.86365,0.852,-0.01165,0.000136,NA
100,0.75,0.1,0.05,0,"ISDLT",0.5,1.33703,1.421,0.08397,0.007051,NA
100,0.75,0.1,0.05,0,"ISDLT",0.75,1.960201,2.064,0.103799,0.010774,NA
100,0.75,0.1,0.05,0.5,"Direct",0.25,0.86365,1.009,0.14535,0.021127,NA
100,0.75,0.1,0.05,0.5,"Direct",0.5,1.33703,1.42,0.08297,0.006884,NA
100,0.75,0.1,0.05,0.5,"Direct",0.75,1.960201,2.008,0.047799,0.002285,NA
100,0.75,0.1,0.05,0.5,"ISDLT",0.25,0.86365,1.072,0.20835,0.04341,NA
100,0.75,0.1,0.05,0.5,"ISDLT",0.5,1.33703,1.422,0.08497,0.00722,NA
100,0.75,0.1,0.05,0.5,"ISDLT",0.75,1.960201,2.033,0.072799,0.0053,NA
100,0.75,0.1,0.25,-0.5,"Direct",0.25,0.86365,0.842,-0.02165,0.000469,NA
100,0.75,0.1,0.25,-0.5,"Direct",0.5,1.33703,1.355,0.01797,0.000323,NA
100,0.75,0.1,0.25,-0.5,"Direct",0.75,1.960201,1.981,0.020799,0.000433,NA
100,0.75,0.1,0.25,-0.5,"ISDLT",0.25,0.86365,0.944,0.08035,0.006456,NA
100,0.75,0.1,0.25,-0.5,"ISDLT",0.5,1.33703,1.43,0.09297,0.008643,NA
100,0.75,0.1,0.25,-0.5,"ISDLT",0.75,1.960201,1.886,-0.074201,0.005506,NA
100,0.75,0.1,0.25,0,"Direct",0.25,0.86365,0.944,0.08035,0.006456,NA
100,0.75,0.1,0.25,0,"Direct",0.5,1.33703,1.236,-0.10103,0.010207,NA
100,0.75,0.1,0.25,0,"Direct",0.75,1.960201,1.833,-0.127201,0.01618,NA
100,0.75,0.1,0.25,0,"ISDLT",0.25,0.86365,0.962,0.09835,0.009673,NA
100,0.75,0.1,0.25,0,"ISDLT",0.5,1.33703,1.408,0.07097,0.005037,NA
100,0.75,0.1,0.25,0,"ISDLT",0.75,1.960201,2.351,0.390799,0.152724,NA
100,0.75,0.1,0.25,0.5,"Direct",0.25,0.86365,0.841,-0.02265,0.000513,NA
100,0.75,0.1,0.25,0.5,"Direct",0.5,1.33703,1.26,-0.07703,0.005934,NA
100,0.75,0.1,0.25,0.5,"Direct",0.75,1.960201,1.849,-0.111201,0.012366,NA
100,0.75,0.1,0.25,0.5,"ISDLT",0.25,0.86365,0.851,-0.01265,0.00016,NA
100,0.75,0.1,0.25,0.5,"ISDLT",0.5,1.33703,1.381,0.04397,0.001933,NA
100,0.75,0.1,0.25,0.5,"ISDLT",0.75,1.960201,2.062,0.101799,0.010363,NA
100,0.75,0.1,0.5,-0.5,"Direct",0.25,0.86365,0.664,-0.19965,0.03986,NA
100,0.75,0.1,0.5,-0.5,"Direct",0.5,1.33703,1.175,-0.16203,0.026254,NA
100,0.75,0.1,0.5,-0.5,"Direct",0.75,1.960201,1.634,-0.326201,0.106407,NA
100,0.75,0.1,0.5,-0.5,"ISDLT",0.25,0.86365,0.733,-0.13065,0.017069,NA
100,0.75,0.1,0.5,-0.5,"ISDLT",0.5,1.33703,1.151,-0.18603,0.034607,NA
100,0.75,0.1,0.5,-0.5,"ISDLT",0.75,1.960201,1.66,-0.300201,0.090121,NA
100,0.75,0.1,0.5,0,"Direct",0.25,0.86365,0.919,0.05535,0.003064,NA
100,0.75,0.1,0.5,0,"Direct",0.5,1.33703,1.326,-0.01103,0.000122,NA
100,0.75,0.1,0.5,0,"Direct",0.75,1.960201,1.898,-0.062201,0.003869,NA
100,0.75,0.1,0.5,0,"ISDLT",0.25,0.86365,0.943,0.07935,0.006296,NA
100,0.75,0.1,0.5,0,"ISDLT",0.5,1.33703,1.431,0.09397,0.00883,NA
100,0.75,0.1,0.5,0,"ISDLT",0.75,1.960201,2.175,0.214799,0.046139,NA
100,0.75,0.1,0.5,0.5,"Direct",0.25,0.86365,0.706,-0.15765,0.024853,NA
100,0.75,0.1,0.5,0.5,"Direct",0.5,1.33703,1.232,-0.10503,0.011031,NA
100,0.75,0.1,0.5,0.5,"Direct",0.75,1.960201,1.968,0.007799,6.1e-05,NA
100,0.75,0.1,0.5,0.5,"ISDLT",0.25,0.86365,0.664,-0.19965,0.03986,NA
100,0.75,0.1,0.5,0.5,"ISDLT",0.5,1.33703,1.342,0.00497,2.5e-05,NA
100,0.75,0.1,0.5,0.5,"ISDLT",0.75,1.960201,2.104,0.143799,0.020678,NA
100,0.75,0.5,0.05,-0.5,"Direct",0.25,0.86365,0.978,0.11435,0.013076,NA
100,0.75,0.5,0.05,-0.5,"Direct",0.5,1.33703,1.344,0.00697,4.9e-05,NA
100,0.75,0.5,0.05,-0.5,"Direct",0.75,1.960201,1.96,-0.000201,0,NA
100,0.75,0.5,0.05,-0.5,"ISDLT",0.25,0.86365,1.07,0.20635,0.04258,NA
100,0.75,0.5,0.05,-0.5,"ISDLT",0.5,1.33703,1.575,0.23797,0.05663,NA
100,0.75,0.5,0.05,-0.5,"ISDLT",0.75,1.960201,2.088,0.127799,0.016333,NA
100,0.75,0.5,0.05,0,"Direct",0.25,0.86365,0.896,0.03235,0.001047,NA
100,0.75,0.5,0.05,0,"Direct",0.5,1.33703,1.456,0.11897,0.014154,NA
100,0.75,0.5,0.05,0,"Direct",0.75,1.960201,1.896,-0.064201,0.004122,NA
100,0.75,0.5,0.05,0,"ISDLT",0.25,0.86365,0.938,0.07435,0.005528,NA
100,0.75,0.5,0.05,0,"ISDLT",0.5,1.33703,1.418,0.08097,0.006556,NA
100,0.75,0.5,0.05,0,"ISDLT",0.75,1.960201,1.982,0.021799,0.000475,NA
100,0.75,0.5,0.05,0.5,"Direct",0.25,0.86365,0.882,0.01835,0.000337,NA
100,0.75,0.5,0.05,0.5,"Direct",0.5,1.33703,1.337,-3e-05,0,NA
100,0.75,0.5,0.05,0.5,"Direct",0.75,1.960201,1.865,-0.095201,0.009063,NA
100,0.75,0.5,0.05,0.5,"ISDLT",0.25,0.86365,0.718,-0.14565,0.021214,NA
100,0.75,0.5,0.05,0.5,"ISDLT",0.5,1.33703,1.358,0.02097,0.00044,NA
100,0.75,0.5,0.05,0.5,"ISDLT",0.75,1.960201,2.009,0.048799,0.002381,NA
100,0.75,0.5,0.25,-0.5,"Direct",0.25,0.86365,0.765,-0.09865,0.009732,NA
100,0.75,0.5,0.25,-0.5,"Direct",0.5,1.33703,1.3,-0.03703,0.001371,NA
100,0.75,0.5,0.25,-0.5,"Direct",0.75,1.960201,2.101,0.140799,0.019824,NA
100,0.75,0.5,0.25,-0.5,"ISDLT",0.25,0.86365,0.899,0.03535,0.00125,NA
100,0.75,0.5,0.25,-0.5,"ISDLT",0.5,1.33703,1.531,0.19397,0.037624,NA
100,0.75,0.5,0.25,-0.5,"ISDLT",0.75,1.960201,2.278,0.317799,0.100996,NA
100,0.75,0.5,0.25,0,"Direct",0.25,0.86365,0.866,0.00235,6e-06,NA
100,0.75,0.5,0.25,0,"Direct",0.5,1.33703,1.341,0.00397,1.6e-05,NA
100,0.75,0.5,0.25,0,"Direct",0.75,1.960201,1.767,-0.193201,0.037327,NA
100,0.75,0.5,0.25,0,"ISDLT",0.25,0.86365,0.626,-0.23765,0.056477,NA
100,0.75,0.5,0.25,0,"ISDLT",0.5,1.33703,1.231,-0.10603,0.011242,NA
100,0.75,0.5,0.25,0,"ISDLT",0.75,1.960201,1.944,-0.016201,0.000262,NA
100,0.75,0.5,0.25,0.5,"Direct",0.25,0.86365,1.022,0.15835,0.025075,NA
100,0.75,0.5,0.25,0.5,"Direct",0.5,1.33703,1.433,0.09597,0.00921,NA
100,0.75,0.5,0.25,0.5,"Direct",0.75,1.960201,2.196,0.235799,0.055601,NA
100,0.75,0.5,0.25,0.5,"ISDLT",0.25,0.86365,0.973,0.10935,0.011957,NA
100,0.75,0.5,0.25,0.5,"ISDLT",0.5,1.33703,1.757,0.41997,0.176375,NA
100,0.75,0.5,0.25,0.5,"ISDLT",0.75,1.960201,2.57,0.609799,0.371855,NA
100,0.75,0.5,0.5,-0.5,"Direct",0.25,0.86365,0.797,-0.06665,0.004442,NA
100,0.75,0.5,0.5,-0.5,"Direct",0.5,1.33703,1.442,0.10497,0.011019,NA
100,0.75,0.5,0.5,-0.5,"Direct",0.75,1.960201,2.106,0.145799,0.021257,NA
100,0.75,0.5,0.5,-0.5,"ISDLT",0.25,0.86365,1.089,0.22535,0.050783,NA
100,0.75,0.5,0.5,-0.5,"ISDLT",0.5,1.33703,1.585,0.24797,0.061489,NA
100,0.75,0.5,0.5,-0.5,"ISDLT",0.75,1.960201,2.121,0.160799,0.025856,NA
100,0.75,0.5,0.5,0,"Direct",0.25,0.86365,0.768,-0.09565,0.009149,NA
100,0.75,0.5,0.5,0,"Direct",0.5,1.33703,1.19,-0.14703,0.021618,NA
100,0.75,0.5,0.5,0,"Direct",0.75,1.960201,1.945,-0.015201,0.000231,NA
100,0.75,0.5,0.5,0,"ISDLT",0.25,0.86365,0.889,0.02535,0.000643,NA
100,0.75,0.5,0.5,0,"ISDLT",0.5,1.33703,1.516,0.17897,0.03203,NA
100,0.75,0.5,0.5,0,"ISDLT",0.75,1.960201,2.16,0.199799,0.03992,NA
100,0.75,0.5,0.5,0.5,"Direct",0.25,0.86365,0.825,-0.03865,0.001494,NA
100,0.75,0.5,0.5,0.5,"Direct",0.5,1.33703,1.28,-0.05703,0.003252,NA
100,0.75,0.5,0.5,0.5,"Direct",0.75,1.960201,1.846,-0.114201,0.013042,NA
100,0.75,0.5,0.5,0.5,"ISDLT",0.25,0.86365,0.464,-0.39965,0.15972,NA
100,0.75,0.5,0.5,0.5,"ISDLT",0.5,1.33703,1.29,-0.04703,0.002212,NA
100,0.75,0.5,0.5,0.5,"ISDLT",0.75,1.960201,2.238,0.277799,0.077172,NA
500,0.25,0.05,0.05,-0.5,"Direct",0.25,0.86365,0.916,0.05235,0.002741,NA
500,0.25,0.05,0.05,-0.5,"Direct",0.5,1.33703,1.326,-0.01103,0.000122,NA
500,0.25,0.05,0.05,-0.5,"Direct",0.75,1.960201,1.898,-0.062201,0.003869,NA
500,0.25,0.05,0.05,-0.5,"ISDLT",0.25,0.86365,0.927,0.06335,0.004013,NA
500,0.25,0.05,0.05,-0.5,"ISDLT",0.5,1.33703,1.307,-0.03003,0.000902,NA
500,0.25,0.05,0.05,-0.5,"ISDLT",0.75,1.960201,1.923,-0.037201,0.001384,NA
500,0.25,0.05,0.05,0,"Direct",0.25,0.86365,0.825,-0.03865,0.001494,NA
500,0.25,0.05,0.05,0,"Direct",0.5,1.33703,1.284,-0.05303,0.002812,NA
500,0.25,0.05,0.05,0,"Direct",0.75,1.960201,1.933,-0.027201,0.00074,NA
500,0.25,0.05,0.05,0,"ISDLT",0.25,0.86365,0.845,-0.01865,0.000348,NA
500,0.25,0.05,0.05,0,"ISDLT",0.5,1.33703,1.305,-0.03203,0.001026,NA
500,0.25,0.05,0.05,0,"ISDLT",0.75,1.960201,1.915,-0.045201,0.002043,NA
500,0.25,0.05,0.05,0.5,"Direct",0.25,0.86365,0.87,0.00635,4e-05,NA
500,0.25,0.05,0.05,0.5,"Direct",0.5,1.33703,1.331,-0.00603,3.6e-05,NA
500,0.25,0.05,0.05,0.5,"Direct",0.75,1.960201,1.997,0.036799,0.001354,NA
500,0.25,0.05,0.05,0.5,"ISDLT",0.25,0.86365,0.888,0.02435,0.000593,NA
500,0.25,0.05,0.05,0.5,"ISDLT",0.5,1.33703,1.336,-0.00103,1e-06,NA
500,0.25,0.05,0.05,0.5,"ISDLT",0.75,1.960201,2.032,0.071799,0.005155,NA
500,0.25,0.05,0.25,-0.5,"Direct",0.25,0.86365,0.855,-0.00865,7.5e-05,NA
500,0.25,0.05,0.25,-0.5,"Direct",0.5,1.33703,1.35,0.01297,0.000168,NA
500,0.25,0.05,0.25,-0.5,"Direct",0.75,1.960201,1.898,-0.062201,0.003869,NA
500,0.25,0.05,0.25,-0.5,"ISDLT",0.25,0.86365,0.878,0.01435,0.000206,NA
500,0.25,0.05,0.25,-0.5,"ISDLT",0.5,1.33703,1.378,0.04097,0.001679,NA
500,0.25,0.05,0.25,-0.5,"ISDLT",0.75,1.960201,1.862,-0.098201,0.009643,NA
500,0.25,0.05,0.25,0,"Direct",0.25,0.86365,0.877,0.01335,0.000178,NA
500,0.25,0.05,0.25,0,"Direct",0.5,1.33703,1.353,0.01597,0.000255,NA
500,0.25,0.05,0.25,0,"Direct",0.75,1.960201,1.93,-0.030201,0.000912,NA
500,0.25,0.05,0.25,0,"ISDLT",0.25,0.86365,0.852,-0.01165,0.000136,NA
500,0.25,0.05,0.25,0,"ISDLT",0.5,1.33703,1.399,0.06197,0.00384,NA
500,0.25,0.05,0.25,0,"ISDLT",0.75,1.960201,1.927,-0.033201,0.001102,NA
500,0.25,0.05,0.25,0.5,"Direct",0.25,0.86365,0.88,0.01635,0.000267,NA
500,0.25,0.05,0.25,0.5,"Direct",0.5,1.33703,1.373,0.03597,0.001294,NA
500,0.25,0.05,0.25,0.5,"Direct",0.75,1.960201,2.038,0.077799,0.006053,NA
500,0.25,0.05,0.25,0.5,"ISDLT",0.25,0.86365,0.78,-0.08365,0.006997,NA
500,0.25,0.05,0.25,0.5,"ISDLT",0.5,1.33703,1.368,0.03097,0.000959,NA
500,0.25,0.05,0.25,0.5,"ISDLT",0.75,1.960201,2.062,0.101799,0.010363,NA
500,0.25,0.05,0.5,-0.5,"Direct",0.25,0.86365,0.829,-0.03465,0.001201,NA
500,0.25,0.05,0.5,-0.5,"Direct",0.5,1.33703,1.336,-0.00103,1e-06,NA
500,0.25,0.05,0.5,-0.5,"Direct",0.75,1.960201,1.989,0.028799,0.000829,NA
500,0.25,0.05,0.5,-0.5,"ISDLT",0.25,0.86365,0.858,-0.00565,3.2e-05,NA
500,0.25,0.05,0.5,-0.5,"ISDLT",0.5,1.33703,1.36,0.02297,0.000528,NA
500,0.25,0.05,0.5,-0.5,"ISDLT",0.75,1.960201,1.893,-0.067201,0.004516,NA
500,0.25,0.05,0.5,0,"Direct",0.25,0.86365,0.85,-0.01365,0.000186,NA
500,0.25,0.05,0.5,0,"Direct",0.5,1.33703,1.353,0.01597,0.000255,NA
500,0.25,0.05,0.5,0,"Direct",0.75,1.960201,1.954,-0.006201,3.8e-05,NA
500,0.25,0.05,0.5,0,"ISDLT",0.25,0.86365,0.819,-0.04465,0.001994,NA
500,0.25,0.05,0.5,0,"ISDLT",0.5,1.33703,1.316,-0.02103,0.000442,NA
500,0.25,0.05,0.5,0,"ISDLT",0.75,1.960201,2.034,0.073799,0.005446,NA
500,0.25,0.05,0.5,0.5,"Direct",0.25,0.86365,0.905,0.04135,0.00171,NA
500,0.25,0.05,0.5,0.5,"Direct",0.5,1.33703,1.361,0.02397,0.000575,NA
500,0.25,0.05,0.5,0.5,"Direct",0.75,1.960201,2.018,0.057799,0.003341,NA
500,0.25,0.05,0.5,0.5,"ISDLT",0.25,0.86365,0.794,-0.06965,0.004851,NA
500,0.25,0.05,0.5,0.5,"ISDLT",0.5,1.33703,1.37,0.03297,0.001087,NA
500,0.25,0.05,0.5,0.5,"ISDLT",0.75,1.960201,2.194,0.233799,0.054662,NA
500,0.25,0.1,0.05,-0.5,"Direct",0.25,0.86365,0.826,-0.03765,0.001418,NA
500,0.25,0.1,0.05,-0.5,"Direct",0.5,1.33703,1.352,0.01497,0.000224,NA
500,0.25,0.1,0.05,-0.5,"Direct",0.75,1.960201,1.935,-0.025201,0.000635,NA
500,0.25,0.1,0.05,-0.5,"ISDLT",0.25,0.86365,0.864,0.00035,0,NA
500,0.25,0.1,0.05,-0.5,"ISDLT",0.5,1.33703,1.358,0.02097,0.00044,NA
500,0.25,0.1,0.05,-0.5,"ISDLT",0.75,1.960201,1.916,-0.044201,0.001954,NA
500,0.25,0.1,0.05,0,"Direct",0.25,0.86365,0.829,-0.03465,0.001201,NA
500,0.25,0.1,0.05,0,"Direct",0.5,1.33703,1.337,-3e-05,0,NA
500,0.25,0.1,0.05,0,"Direct",0.75,1.960201,1.967,0.006799,4.6e-05,NA
500,0.25,0.1,0.05,0,"ISDLT",0.25,0.86365,0.867,0.00335,1.1e-05,NA
500,0.25,0.1,0.05,0,"ISDLT",0.5,1.33703,1.365,0.02797,0.000782,NA
500,0.25,0.1,0.05,0,"ISDLT",0.75,1.960201,1.992,0.031799,0.001011,NA
500,0.25,0.1,0.05,0.5,"Direct",0.25,0.86365,0.853,-0.01065,0.000113,NA
500,0.25,0.1,0.05,0.5,"Direct",0.5,1.33703,1.361,0.02397,0.000575,NA
500,0.25,0.1,0.05,0.5,"Direct",0.75,1.960201,1.884,-0.076201,0.005807,NA
500,0.25,0.1,0.05,0.5,"ISDLT",0.25,0.86365,0.764,-0.09965,0.00993,NA
500,0.25,0.1,0.05,0.5,"ISDLT",0.5,1.33703,1.337,-3e-05,0,NA
500,0.25,0.1,0.05,0.5,"ISDLT",0.75,1.960201,1.971,0.010799,0.000117,NA
500,0.25,0.1,0.25,-0.5,"Direct",0.25,0.86365,0.828,-0.03565,0.001271,NA
500,0.25,0.1,0.25,-0.5,"Direct",0.5,1.33703,1.299,-0.03803,0.001446,NA
500,0.25,0.1,0.25,-0.5,"Direct",0.75,1.960201,1.998,0.037799,0.001429,NA
500,0.25,0.1,0.25,-0.5,"ISDLT",0.25,0.86365,0.842,-0.02165,0.000469,NA
500,0.25,0.1,0.25,-0.5,"ISDLT",0.5,1.33703,1.287,-0.05003,0.002503,NA
500,0.25,0.1,0.25,-0.5,"ISDLT",0.75,1.960201,1.912,-0.048201,0.002323,NA
500,0.25,0.1,0.25,0,"Direct",0.25,0.86365,0.847,-0.01665,0.000277,NA
500,0.25,0.1,0.25,0,"Direct",0.5,1.33703,1.294,-0.04303,0.001852,NA
500,0.25,0.1,0.25,0,"Direct",0.75,1.960201,2.008,0.047799,0.002285,NA
500,0.25,0.1,0.25,0,"ISDLT",0.25,0.86365,0.855,-0.00865,7.5e-05,NA
500,0.25,0.1,0.25,0,"ISDLT",0.5,1.33703,1.357,0.01997,0.000399,NA
500,0.25,0.1,0.25,0,"ISDLT",0.75,1.960201,2.06,0.099799,0.00996,NA
500,0.25,0.1,0.25,0.5,"Direct",0.25,0.86365,0.856,-0.00765,5.9e-05,NA
500,0.25,0.1,0.25,0.5,"Direct",0.5,1.33703,1.325,-0.01203,0.000145,NA
500,0.25,0.1,0.25,0.5,"Direct",0.75,1.960201,2.076,0.115799,0.013409,NA
500,0.25,0.1,0.25,0.5,"ISDLT",0.25,0.86365,0.837,-0.02665,0.00071,NA
500,0.25,0.1,0.25,0.5,"ISDLT",0.5,1.33703,1.351,0.01397,0.000195,NA
500,0.25,0.1,0.25,0.5,"ISDLT",0.75,1.960201,2.165,0.204799,0.041943,NA
500,0.25,0.1,0.5,-0.5,"Direct",0.25,0.86365,0.803,-0.06065,0.003678,NA
500,0.25,0.1,0.5,-0.5,"Direct",0.5,1.33703,1.346,0.00897,8e-05,NA
500,0.25,0.1,0.5,-0.5,"Direct",0.75,1.960201,1.977,0.016799,0.000282,NA
500,0.25,0.1,0.5,-0.5,"ISDLT",0.25,0.86365,0.879,0.01535,0.000236,NA
500,0.25,0.1,0.5,-0.5,"ISDLT",0.5,1.33703,1.468,0.13097,0.017153,NA
500,0.25,0.1,0.5,-0.5,"ISDLT",0.75,1.960201,2.094,0.133799,0.017902,NA
500,0.25,0.1,0.5,0,"Direct",0.25,0.86365,0.876,0.01235,0.000153,NA
500,0.25,0.1,0.5,0,"Direct",0.5,1.33703,1.337,-3e-05,0,NA
500,0.25,0.1,0.5,0,"Direct",0.75,1.960201,2.019,0.058799,0.003457,NA
500,0.25,0.1,0.5,0,"ISDLT",0.25,0.86365,0.798,-0.06565,0.00431,NA
500,0.25,0.1,0.5,0,"ISDLT",0.5,1.33703,1.413,0.07597,0.005771,NA
500,0.25,0.1,0.5,0,"ISDLT",0.75,1.960201,2.151,0.190799,0.036404,NA
500,0.25,0.1,0.5,0.5,"Direct",0.25,0.86365,0.891,0.02735,0.000748,NA
500,0.25,0.1,0.5,0.5,"Direct",0.5,1.33703,1.353,0.01597,0.000255,NA
500,0.25,0.1,0.5,0.5,"Direct",0.75,1.960201,1.96,-0.000201,0,NA
500,0.25,0.1,0.5,0.5,"ISDLT",0.25,0.86365,0.784,-0.07965,0.006344,NA
500,0.25,0.1,0.5,0.5,"ISDLT",0.5,1.33703,1.39,0.05297,0.002806,NA
500,0.25,0.1,0.5,0.5,"ISDLT",0.75,1.960201,2.137,0.176799,0.031258,NA
500,0.25,0.5,0.05,-0.5,"Direct",0.25,0.86365,0.89,0.02635,0.000694,NA
500,0.25,0.5,0.05,-0.5,"Direct",0.5,1.33703,1.344,0.00697,4.9e-05,NA
500,0.25,0.5,0.05,-0.5,"Direct",0.75,1.960201,2.013,0.052799,0.002788,NA
500,0.25,0.5,0.05,-0.5,"ISDLT",0.25,0.86365,0.921,0.05735,0.003289,NA
500,0.25,0.5,0.05,-0.5,"ISDLT",0.5,1.33703,1.41,0.07297,0.005325,NA
500,0.25,0.5,0.05,-0.5,"ISDLT",0.75,1.960201,2.041,0.080799,0.006528,NA
500,0.25,0.5,0.05,0,"Direct",0.25,0.86365,0.931,0.06735,0.004536,NA
500,0.25,0.5,0.05,0,"Direct",0.5,1.33703,1.386,0.04897,0.002398,NA
500,0.25,0.5,0.05,0,"Direct",0.75,1.960201,2.077,0.116799,0.013642,NA
500,0.25,0.5,0.05,0,"ISDLT",0.25,0.86365,0.758,-0.10565,0.011162,NA
500,0.25,0.5,0.05,0,"ISDLT",0.5,1.33703,1.354,0.01697,0.000288,NA
500,0.25,0.5,0.05,0,"ISDLT",0.75,1.960201,2.125,0.164799,0.027159,NA
500,0.25,0.5,0.05,0.5,"Direct",0.25,0.86365,0.821,-0.04265,0.001819,NA
500,0.25,0.5,0.05,0.5,"Direct",0.5,1.33703,1.335,-0.00203,4e-06,NA
500,0.25,0.5,0.05,0.5,"Direct",0.75,1.960201,1.851,-0.109201,0.011925,NA
500,0.25,0.5,0.05,0.5,"ISDLT",0.25,0.86365,0.736,-0.12765,0.016294,NA
500,0.25,0.5,0.05,0.5,"ISDLT",0.5,1.33703,1.331,-0.00603,3.6e-05,NA
500,0.25,0.5,0.05,0.5,"ISDLT",0.75,1.960201,2.012,0.051799,0.002683,NA
500,0.25,0.5,0.25,-0.5,"Direct",0.25,0.86365,0.866,0.00235,6e-06,NA
500,0.25,0.5,0.25,-0.5,"Direct",0.5,1.33703,1.339,0.00197,4e-06,NA
500,0.25,0.5,0.25,-0.5,"Direct",0.75,1.960201,1.931,-0.029201,0.000853,NA
500,0.25,0.5,0.25,-0.5,"ISDLT",0.25,0.86365,0.929,0.06535,0.004271,NA
500,0.25,0.5,0.25,-0.5,"ISDLT",0.5,1.33703,1.439,0.10197,0.010398,NA
500,0.25,0.5,0.25,-0.5,"ISDLT",0.75,1.960201,2.066,0.105799,0.011193,NA
500,0.25,0.5,0.25,0,"Direct",0.25,0.86365,0.858,-0.00565,3.2e-05,NA
500,0.25,0.5,0.25,0,"Direct",0.5,1.33703,1.367,0.02997,0.000898,NA
500,0.25,0.5,0.25,0,"Direct",0.75,1.960201,2.006,0.045799,0.002098,NA
500,0.25,0.5,0.25,0,"ISDLT",0.25,0.86365,0.791,-0.07265,0.005278,NA
500,0.25,0.5,0.25,0,"ISDLT",0.5,1.33703,1.415,0.07797,0.006079,NA
500,0.25,0.5,0.25,0,"ISDLT",0.75,1.960201,2.138,0.177799,0.031612,NA
500,0.25,0.5,0.25,0.5,"Direct",0.25,0.86365,0.833,-0.03065,0.000939,NA
500,0.25,0.5,0.25,0.5,"Direct",0.5,1.33703,1.338,0.00097,1e-06,NA
500,0.25,0.5,0.25,0.5,"Direct",0.75,1.960201,1.947,-0.013201,0.000174,NA
500,0.25,0.5,0.25,0.5,"ISDLT",0.25,0.86365,0.657,-0.20665,0.042704,NA
500,0.25,0.5,0.25,0.5,"ISDLT",0.5,1.33703,1.334,-0.00303,9e-06,NA
500,0.25,0.5,0.25,0.5,"ISDLT",0.75,1.960201,2.132,0.171799,0.029515,NA
500,0.25,0.5,0.5,-0.5,"Direct",0.25,0.86365,0.873,0.00935,8.7e-05,NA
500,0.25,0.5,0.5,-0.5,"Direct",0.5,1.33703,1.35,0.01297,0.000168,NA
500,0.25,0.5,0.5,-0.5,"Direct",0.75,1.960201,1.919,-0.041201,0.001698,NA
500,0.25,0.5,0.5,-0.5,"ISDLT",0.25,0.86365,0.889,0.02535,0.000643,NA
500,0.25,0.5,0.5,-0.5,"ISDLT",0.5,1.33703,1.437,0.09997,0.009994,NA
500,0.25,0.5,0.5,-0.5,"ISDLT",0.75,1.960201,2.032,0.071799,0.005155,NA
500,0.25,0.5,0.5,0,"Direct",0.25,0.86365,0.865,0.00135,2e-06,NA
500,0.25,0.5,0.5,0,"Direct",0.5,1.33703,1.31,-0.02703,0.000731,NA
500,0.25,0.5,0.5,0,"Direct",0.75,1.960201,1.988,0.027799,0.000773,NA
500,0.25,0.5,0.5,0,"ISDLT",0.25,0.86365,0.747,-0.11665,0.013607,NA
500,0.25,0.5,0.5,0,"ISDLT",0.5,1.33703,1.432,0.09497,0.009019,NA
500,0.25,0.5,0.5,0,"ISDLT",0.75,1.960201,2.226,0.265799,0.070649,NA
500,0.25,0.5,0.5,0.5,"Direct",0.25,0.86365,0.893,0.02935,0.000861,NA
500,0.25,0.5,0.5,0.5,"Direct",0.5,1.33703,1.401,0.06397,0.004092,NA
500,0.25,0.5,0.5,0.5,"Direct",0.75,1.960201,2.059,0.098799,0.009761,NA
500,0.25,0.5,0.5,0.5,"ISDLT",0.25,0.86365,0.696,-0.16765,0.028106,NA
500,0.25,0.5,0.5,0.5,"ISDLT",0.5,1.33703,1.494,0.15697,0.02464,NA
500,0.25,0.5,0.5,0.5,"ISDLT",0.75,1.960201,2.413,0.452799,0.205027,NA
500,0.5,0.05,0.05,-0.5,"Direct",0.25,0.86365,0.84,-0.02365,0.000559,NA
500,0.5,0.05,0.05,-0.5,"Direct",0.5,1.33703,1.365,0.02797,0.000782,NA
500,0.5,0.05,0.05,-0.5,"Direct",0.75,1.960201,2.007,0.046799,0.00219,NA
500,0.5,0.05,0.05,-0.5,"ISDLT",0.25,0.86365,0.891,0.02735,0.000748,NA
500,0.5,0.05,0.05,-0.5,"ISDLT",0.5,1.33703,1.366,0.02897,0.000839,NA
500,0.5,0.05,0.05,-0.5,"ISDLT",0.75,1.960201,2.012,0.051799,0.002683,NA
500,0.5,0.05,0.05,0,"Direct",0.25,0.86365,0.912,0.04835,0.002338,NA
500,0.5,0.05,0.05,0,"Direct",0.5,1.33703,1.33,-0.00703,4.9e-05,NA
500,0.5,0.05,0.05,0,"Direct",0.75,1.960201,1.867,-0.093201,0.008686,NA
500,0.5,0.05,0.05,0,"ISDLT",0.25,0.86365,0.932,0.06835,0.004672,NA
500,0.5,0.05,0.05,0,"ISDLT",0.5,1.33703,1.329,-0.00803,6.4e-05,NA
500,0.5,0.05,0.05,0,"ISDLT",0.75,1.960201,1.887,-0.073201,0.005358,NA
500,0.5,0.05,0.05,0.5,"Direct",0.25,0.86365,0.788,-0.07565,0.005723,NA
500,0.5,0.05,0.05,0.5,"Direct",0.5,1.33703,1.268,-0.06903,0.004765,NA
500,0.5,0.05,0.05,0.5,"Direct",0.75,1.960201,1.874,-0.086201,0.007431,NA
500,0.5,0.05,0.05,0.5,"ISDLT",0.25,0.86365,0.776,-0.08765,0.007682,NA
500,0.5,0.05,0.05,0.5,"ISDLT",0.5,1.33703,1.267,-0.07003,0.004904,NA
500,0.5,0.05,0.05,0.5,"ISDLT",0.75,1.960201,1.923,-0.037201,0.001384,NA
500,0.5,0.05,0.25,-0.5,"Direct",0.25,0.86365,0.866,0.00235,6e-06,NA
500,0.5,0.05,0.25,-0.5,"Direct",0.5,1.33703,1.373,0.03597,0.001294,NA
500,0.5,0.05,0.25,-0.5,"Direct",0.75,1.960201,2.069,0.108799,0.011837,NA
500,0.5,0.05,0.25,-0.5,"ISDLT",0.25,0.86365,0.929,0.06535,0.004271,NA
500,0.5,0.05,0.25,-0.5,"ISDLT",0.5,1.33703,1.429,0.09197,0.008458,NA
500,0.5,0.05,0.25,-0.5,"ISDLT",0.75,1.960201,2.022,0.061799,0.003819,NA
500,0.5,0.05,0.25,0,"Direct",0.25,0.86365,0.869,0.00535,2.9e-05,NA
500,0.5,0.05,0.25,0,"Direct",0.5,1.33703,1.362,0.02497,0.000623,NA
500,0.5,0.05,0.25,0,"Direct",0.75,1.960201,1.934,-0.026201,0.000686,NA
500,0.5,0.05,0.25,0,"ISDLT",0.25,0.86365,0.857,-0.00665,4.4e-05,NA
500,0.5,0.05,0.25,0,"ISDLT",0.5,1.33703,1.375,0.03797,0.001442,NA
500,0.5,0.05,0.25,0,"ISDLT",0.75,1.960201,1.954,-0.006201,3.8e-05,NA
500,0.5,0.05,0.25,0.5,"Direct",0.25,0.86365,0.88,0.01635,0.000267,NA
500,0.5,0.05,0.25,0.5,"Direct",0.5,1.33703,1.326,-0.01103,0.000122,NA
500,0.5,0.05,0.25,0.5,"Direct",0.75,1.960201,1.937,-0.023201,0.000538,NA
500,0.5,0.05,0.25,0.5,"ISDLT",0.25,0.86365,0.819,-0.04465,0.001994,NA
500,0.5,0.05,0.25,0.5,"ISDLT",0.5,1.33703,1.348,0.01097,0.00012,NA
500,0.5,0.05,0.25,0.5,"ISDLT",0.75,1.960201,2.031,0.070799,0.005012,NA
500,0.5,0.05,0.5,-0.5,"Direct",0.25,0.86365,0.901,0.03735,0.001395,NA
500,0.5,0.05,0.5,-0.5,"Direct",0.5,1.33703,1.341,0.00397,1.6e-05,NA
500,0.5,0.05,0.5,-0.5,"Direct",0.75,1.960201,1.983,0.022799,0.00052,NA
500,0.5,0.05,0.5,-0.5,"ISDLT",0.25,0.86365,0.937,0.07335,0.00538,NA
500,0.5,0.05,0.5,-0.5,"ISDLT",0.5,1.33703,1.381,0.04397,0.001933,NA
500,0.5,0.05,0.5,-0.5,"ISDLT",0.75,1.960201,1.975,0.014799,0.000219,NA
500,0.5,0.05,0.5,0,"Direct",0.25,0.86365,0.874,0.01035,0.000107,NA
500,0.5,0.05,0.5,0,"Direct",0.5,1.33703,1.328,-0.00903,8.2e-05,NA
500,0.5,0.05,0.5,0,"Direct",0.75,1.960201,1.972,0.011799,0.000139,NA
500,0.5,0.05,0.5,0,"ISDLT",0.25,0.86365,0.829,-0.03465,0.001201,NA
500,0.5,0.05,0.5,0,"ISDLT",0.5,1.33703,1.413,0.07597,0.005771,NA
500,0.5,0.05,0.5,0,"ISDLT",0.75,1.960201,2.143,0.182799,0.033415,NA
500,0.5,0.05,0.5,0.5,"Direct",0.25,0.86365,0.864,0.00035,0,NA
500,0.5,0.05,0.5,0.5,"Direct",0.5,1.33703,1.346,0.00897,8e-05,NA
500,0.5,0.05,0.5,0.5,"Direct",0.75,1.960201,1.992,0.031799,0.001011,NA
500,0.5,0.05,0.5,0.5,"ISDLT",0.25,0.86365,0.769,-0.09465,0.008959,NA
500,0.5,0.05,0.5,0.5,"ISDLT",0.5,1.33703,1.414,0.07697,0.005924,NA
500,0.5,0.05,0.5,0.5,"ISDLT",0.75,1.960201,2.152,0.191799,0.036787,NA
500,0.5,0.1,0.05,-0.5,"Direct",0.25,0.86365,0.854,-0.00965,9.3e-05,NA
500,0.5,0.1,0.05,-0.5,"Direct",0.5,1.33703,1.354,0.01697,0.000288,NA
500,0.5,0.1,0.05,-0.5,"Direct",0.75,1.960201,1.93,-0.030201,0.000912,NA
500,0.5,0.1,0.05,-0.5,"ISDLT",0.25,0.86365,0.874,0.01035,0.000107,NA
500,0.5,0.1,0.05,-0.5,"ISDLT",0.5,1.33703,1.347,0.00997,9.9e-05,NA
500,0.5,0.1,0.05,-0.5,"ISDLT",0.75,1.960201,1.915,-0.045201,0.002043,NA
500,0.5,0.1,0.05,0,"Direct",0.25,0.86365,0.822,-0.04165,0.001735,NA
500,0.5,0.1,0.05,0,"Direct",0.5,1.33703,1.283,-0.05403,0.002919,NA
500,0.5,0.1,0.05,0,"Direct",0.75,1.960201,1.885,-0.075201,0.005655,NA
500,0.5,0.1,0.05,0,"ISDLT",0.25,0.86365,0.824,-0.03965,0.001572,NA
500,0.5,0.1,0.05,0,"ISDLT",0.5,1.33703,1.281,-0.05603,0.003139,NA
500,0.5,0.1,0.05,0,"ISDLT",0.75,1.960201,1.895,-0.065201,0.004251,NA
500,0.5,0.1,0.05,0.5,"Direct",0.25,0.86365,0.843,-0.02065,0.000426,NA
500,0.5,0.1,0.05,0.5,"Direct",0.5,1.33703,1.278,-0.05903,0.003485,NA
500,0.5,0.1,0.05,0.5,"Direct",0.75,1.960201,1.878,-0.082201,0.006757,NA
500,0.5,0.1,0.05,0.5,"ISDLT",0.25,0.86365,0.803,-0.06065,0.003678,NA
500,0.5,0.1,0.05,0.5,"ISDLT",0.5,1.33703,1.287,-0.05003,0.002503,NA
500,0.5,0.1,0.05,0.5,"ISDLT",0.75,1.960201,1.918,-0.042201,0.001781,NA
500,0.5,0.1,0.25,-0.5,"Direct",0.25,0.86365,0.833,-0.03065,0.000939,NA
500,0.5,0.1,0.25,-0.5,"Direct",0.5,1.33703,1.325,-0.01203,0.000145,NA
500,0.5,0.1,0.25,-0.5,"Direct",0.75,1.960201,1.974,0.013799,0.00019,NA
500,0.5,0.1,0.25,-0.5,"ISDLT",0.25,0.86365,0.893,0.02935,0.000861,NA
500,0.5,0.1,0.25,-0.5,"ISDLT",0.5,1.33703,1.37,0.03297,0.001087,NA
500,0.5,0.1,0.25,-0.5,"ISDLT",0.75,1.960201,1.956,-0.004201,1.8e-05,NA
500,0.5,0.1,0.25,0,"Direct",0.25,0.86365,0.886,0.02235,5e-04,NA
500,0.5,0.1,0.25,0,"Direct",0.5,1.33703,1.276,-0.06103,0.003725,NA
500,0.5,0.1,0.25,0,"Direct",0.75,1.960201,1.946,-0.014201,0.000202,NA
500,0.5,0.1,0.25,0,"ISDLT",0.25,0.86365,0.898,0.03435,0.00118,NA
500,0.5,0.1,0.25,0,"ISDLT",0.5,1.33703,1.319,-0.01803,0.000325,NA
500,0.5,0.1,0.25,0,"ISDLT",0.75,1.960201,1.985,0.024799,0.000615,NA
500,0.5,0.1,0.25,0.5,"Direct",0.25,0.86365,0.817,-0.04665,0.002176,NA
500,0.5,0.1,0.25,0.5,"Direct",0.5,1.33703,1.202,-0.13503,0.018233,NA
500,0.5,0.1,0.25,0.5,"Direct",0.75,1.960201,1.873,-0.087201,0.007604,NA
500,0.5,0.1,0.25,0.5,"ISDLT",0.25,0.86365,0.738,-0.12565,0.015788,NA
500,0.5,0.1,0.25,0.5,"ISDLT",0.5,1.33703,1.238,-0.09903,0.009807,NA
500,0.5,0.1,0.25,0.5,"ISDLT",0.75,1.960201,1.939,-0.021201,0.000449,NA
500,0.5,0.1,0.5,-0.5,"Direct",0.25,0.86365,0.789,-0.07465,0.005573,NA
500,0.5,0.1,0.5,-0.5,"Direct",0.5,1.33703,1.303,-0.03403,0.001158,NA
500,0.5,0.1,0.5,-0.5,"Direct",0.75,1.960201,2.005,0.044799,0.002007,NA
500,0.5,0.1,0.5,-0.5,"ISDLT",0.25,0.86365,0.812,-0.05165,0.002668,NA
500,0.5,0.1,0.5,-0.5,"ISDLT",0.5,1.33703,1.373,0.03597,0.001294,NA
500,0.5,0.1,0.5,-0.5,"ISDLT",0.75,1.960201,2.012,0.051799,0.002683,NA
500,0.5,0.1,0.5,0,"Direct",0.25,0.86365,0.818,-0.04565,0.002084,NA
500,0.5,0.1,0.5,0,"Direct",0.5,1.33703,1.279,-0.05803,0.003367,NA
500,0.5,0.1,0.5,0,"Direct",0.75,1.960201,1.956,-0.004201,1.8e-05,NA
500,0.5,0.1,0.5,0,"ISDLT",0.25,0.86365,0.806,-0.05765,0.003323,NA
500,0.5,0.1,0.5,0,"ISDLT",0.5,1.33703,1.385,0.04797,0.002301,NA
500,0.5,0.1,0.5,0,"ISDLT",0.75,1.960201,2.105,0.144799,0.020967,NA
500,0.5,0.1,0.5,0.5,"Direct",0.25,0.86365,0.896,0.03235,0.001047,NA
500,0.5,0.1,0.5,0.5,"Direct",0.5,1.33703,1.363,0.02597,0.000674,NA
500,0.5,0.1,0.5,0.5,"Direct",0.75,1.960201,1.946,-0.014201,0.000202,NA
500,0.5,0.1,0.5,0.5,"ISDLT",0.25,0.86365,0.774,-0.08965,0.008037,NA
500,0.5,0.1,0.5,0.5,"ISDLT",0.5,1.33703,1.392,0.05497,0.003022,NA
500,0.5,0.1,0.5,0.5,"ISDLT",0.75,1.960201,2.16,0.199799,0.03992,NA
500,0.5,0.5,0.05,-0.5,"Direct",0.25,0.86365,0.864,0.00035,0,NA
500,0.5,0.5,0.05,-0.5,"Direct",0.5,1.33703,1.346,0.00897,8e-05,NA
500,0.5,0.5,0.05,-0.5,"Direct",0.75,1.960201,1.973,0.012799,0.000164,NA
500,0.5,0.5,0.05,-0.5,"ISDLT",0.25,0.86365,0.908,0.04435,0.001967,NA
500,0.5,0.5,0.05,-0.5,"ISDLT",0.5,1.33703,1.405,0.06797,0.00462,NA
500,0.5,0.5,0.05,-0.5,"ISDLT",0.75,1.960201,2.018,0.057799,0.003341,NA
500,0.5,0.5,0.05,0,"Direct",0.25,0.86365,0.833,-0.03065,0.000939,NA
500,0.5,0.5,0.05,0,"Direct",0.5,1.33703,1.343,0.00597,3.6e-05,NA
500,0.5,0.5,0.05,0,"Direct",0.75,1.960201,1.972,0.011799,0.000139,NA
500,0.5,0.5,0.05,0,"ISDLT",0.25,0.86365,0.783,-0.08065,0.006504,NA
500,0.5,0.5,0.05,0,"ISDLT",0.5,1.33703,1.327,-0.01003,0.000101,NA
500,0.5,0.5,0.05,0,"ISDLT",0.75,1.960201,2.061,0.100799,0.01016,NA
500,0.5,0.5,0.05,0.5,"Direct",0.25,0.86365,0.841,-0.02265,0.000513,NA
500,0.5,0.5,0.05,0.5,"Direct",0.5,1.33703,1.364,0.02697,0.000727,NA
500,0.5,0.5,0.05,0.5,"Direct",0.75,1.960201,1.914,-0.046201,0.002135,NA
500,0.5,0.5,0.05,0.5,"ISDLT",0.25,0.86365,0.754,-0.10965,0.012023,NA
500,0.5,0.5,0.05,0.5,"ISDLT",0.5,1.33703,1.375,0.03797,0.001442,NA
500,0.5,0.5,0.05,0.5,"ISDLT",0.75,1.960201,2.121,0.160799,0.025856,NA
500,0.5,0.5,0.25,-0.5,"Direct",0.25,0.86365,0.795,-0.06865,0.004713,NA
500,0.5,0.5,0.25,-0.5,"Direct",0.5,1.33703,1.281,-0.05603,0.003139,NA
500,0.5,0.5,0.25,-0.5,"Direct",0.75,1.960201,1.922,-0.038201,0.001459,NA
500,0.5,0.5,0.25,-0.5,"ISDLT",0.25,0.86365,0.841,-0.02265,0.000513,NA
500,0.5,0.5,0.25,-0.5,"ISDLT",0.5,1.33703,1.346,0.00897,8e-05,NA
500,0.5,0.5,0.25,-0.5,"ISDLT",0.75,1.960201,1.959,-0.001201,1e-06,NA
500,0.5,0.5,0.25,0,"Direct",0.25,0.86365,0.868,0.00435,1.9e-05,NA
500,0.5,0.5,0.25,0,"Direct",0.5,1.33703,1.271,-0.06603,0.00436,NA
500,0.5,0.5,0.25,0,"Direct",0.75,1.960201,1.843,-0.117201,0.013736,NA
500,0.5,0.5,0.25,0,"ISDLT",0.25,0.86365,0.766,-0.09765,0.009535,NA
500,0.5,0.5,0.25,0,"ISDLT",0.5,1.33703,1.332,-0.00503,2.5e-05,NA
500,0.5,0.5,0.25,0,"ISDLT",0.75,1.960201,2.01,0.049799,0.00248,NA
500,0.5,0.5,0.25,0.5,"Direct",0.25,0.86365,0.89,0.02635,0.000694,NA
500,0.5,0.5,0.25,0.5,"Direct",0.5,1.33703,1.336,-0.00103,1e-06,NA
500,0.5,0.5,0.25,0.5,"Direct",0.75,1.960201,1.983,0.022799,0.00052,NA
500,0.5,0.5,0.25,0.5,"ISDLT",0.25,0.86365,0.68,-0.18365,0.033727,NA
500,0.5,0.5,0.25,0.5,"ISDLT",0.5,1.33703,1.331,-0.00603,3.6e-05,NA
500,0.5,0.5,0.25,0.5,"ISDLT",0.75,1.960201,2.185,0.224799,0.050535,NA
500,0.5,0.5,0.5,-0.5,"Direct",0.25,0.86365,0.837,-0.02665,0.00071,NA
500,0.5,0.5,0.5,-0.5,"Direct",0.5,1.33703,1.308,-0.02903,0.000843,NA
500,0.5,0.5,0.5,-0.5,"Direct",0.75,1.960201,1.941,-0.019201,0.000369,NA
500,0.5,0.5,0.5,-0.5,"ISDLT",0.25,0.86365,0.853,-0.01065,0.000113,NA
500,0.5,0.5,0.5,-0.5,"ISDLT",0.5,1.33703,1.402,0.06497,0.004221,NA
500,0.5,0.5,0.5,-0.5,"ISDLT",0.75,1.960201,2.021,0.060799,0.003697,NA
500,0.5,0.5,0.5,0,"Direct",0.25,0.86365,0.881,0.01735,0.000301,NA
500,0.5,0.5,0.5,0,"Direct",0.5,1.33703,1.318,-0.01903,0.000362,NA
500,0.5,0.5,0.5,0,"Direct",0.75,1.960201,1.897,-0.063201,0.003994,NA
500,0.5,0.5,0.5,0,"ISDLT",0.25,0.86365,0.704,-0.15965,0.025488,NA
500,0.5,0.5,0.5,0,"ISDLT",0.5,1.33703,1.382,0.04497,0.002022,NA
500,0.5,0.5,0.5,0,"ISDLT",0.75,1.960201,2.14,0.179799,0.032328,NA
500,0.5,0.5,0.5,0.5,"Direct",0.25,0.86365,0.876,0.01235,0.000153,NA
500,0.5,0.5,0.5,0.5,"Direct",0.5,1.33703,1.359,0.02197,0.000483,NA
500,0.5,0.5,0.5,0.5,"Direct",0.75,1.960201,2.004,0.043799,0.001918,NA
500,0.5,0.5,0.5,0.5,"ISDLT",0.25,0.86365,0.581,-0.28265,0.079891,NA
500,0.5,0.5,0.5,0.5,"ISDLT",0.5,1.33703,1.367,0.02997,0.000898,NA
500,0.5,0.5,0.5,0.5,"ISDLT",0.75,1.960201,2.23,0.269799,0.072791,NA
500,0.75,0.05,0.05,-0.5,"Direct",0.25,0.86365,0.748,-0.11565,0.013375,NA
500,0.75,0.05,0.05,-0.5,"Direct",0.5,1.33703,1.253,-0.08403,0.007061,NA
500,0.75,0.05,0.05,-0.5,"Direct",0.75,1.960201,1.938,-0.022201,0.000493,NA
500,0.75,0.05,0.05,-0.5,"ISDLT",0.25,0.86365,0.78,-0.08365,0.006997,NA
500,0.75,0.05,0.05,-0.5,"ISDLT",0.5,1.33703,1.251,-0.08603,0.007401,NA
500,0.75,0.05,0.05,-0.5,"ISDLT",0.75,1.960201,1.914,-0.046201,0.002135,NA
500,0.75,0.05,0.05,0,"Direct",0.25,0.86365,0.911,0.04735,0.002242,NA
500,0.75,0.05,0.05,0,"Direct",0.5,1.33703,1.362,0.02497,0.000623,NA
500,0.75,0.05,0.05,0,"Direct",0.75,1.960201,1.924,-0.036201,0.001311,NA
500,0.75,0.05,0.05,0,"ISDLT",0.25,0.86365,0.924,0.06035,0.003642,NA
500,0.75,0.05,0.05,0,"ISDLT",0.5,1.33703,1.384,0.04697,0.002206,NA
500,0.75,0.05,0.05,0,"ISDLT",0.75,1.960201,1.959,-0.001201,1e-06,NA
500,0.75,0.05,0.05,0.5,"Direct",0.25,0.86365,0.917,0.05335,0.002846,NA
500,0.75,0.05,0.05,0.5,"Direct",0.5,1.33703,1.355,0.01797,0.000323,NA
500,0.75,0.05,0.05,0.5,"Direct",0.75,1.960201,2.01,0.049799,0.00248,NA
500,0.75,0.05,0.05,0.5,"ISDLT",0.25,0.86365,0.897,0.03335,0.001112,NA
500,0.75,0.05,0.05,0.5,"ISDLT",0.5,1.33703,1.361,0.02397,0.000575,NA
500,0.75,0.05,0.05,0.5,"ISDLT",0.75,1.960201,2.053,0.092799,0.008612,NA
500,0.75,0.05,0.25,-0.5,"Direct",0.25,0.86365,0.883,0.01935,0.000374,NA
500,0.75,0.05,0.25,-0.5,"Direct",0.5,1.33703,1.368,0.03097,0.000959,NA
500,0.75,0.05,0.25,-0.5,"Direct",0.75,1.960201,2.028,0.067799,0.004597,NA
500,0.75,0.05,0.25,-0.5,"ISDLT",0.25,0.86365,0.898,0.03435,0.00118,NA
500,0.75,0.05,0.25,-0.5,"ISDLT",0.5,1.33703,1.383,0.04597,0.002113,NA
500,0.75,0.05,0.25,-0.5,"ISDLT",0.75,1.960201,1.998,0.037799,0.001429,NA
500,0.75,0.05,0.25,0,"Direct",0.25,0.86365,0.867,0.00335,1.1e-05,NA
500,0.75,0.05,0.25,0,"Direct",0.5,1.33703,1.309,-0.02803,0.000786,NA
500,0.75,0.05,0.25,0,"Direct",0.75,1.960201,2.002,0.041799,0.001747,NA
500,0.75,0.05,0.25,0,"ISDLT",0.25,0.86365,0.823,-0.04065,0.001652,NA
500,0.75,0.05,0.25,0,"ISDLT",0.5,1.33703,1.337,-3e-05,0,NA
500,0.75,0.05,0.25,0,"ISDLT",0.75,1.960201,1.983,0.022799,0.00052,NA
500,0.75,0.05,0.25,0.5,"Direct",0.25,0.86365,0.824,-0.03965,0.001572,NA
500,0.75,0.05,0.25,0.5,"Direct",0.5,1.33703,1.294,-0.04303,0.001852,NA
500,0.75,0.05,0.25,0.5,"Direct",0.75,1.960201,1.958,-0.002201,5e-06,NA
500,0.75,0.05,0.25,0.5,"ISDLT",0.25,0.86365,0.81,-0.05365,0.002878,NA
500,0.75,0.05,0.25,0.5,"ISDLT",0.5,1.33703,1.333,-0.00403,1.6e-05,NA
500,0.75,0.05,0.25,0.5,"ISDLT",0.75,1.960201,2.148,0.187799,0.035268,NA
500,0.75,0.05,0.5,-0.5,"Direct",0.25,0.86365,0.906,0.04235,0.001794,NA
500,0.75,0.05,0.5,-0.5,"Direct",0.5,1.33703,1.406,0.06897,0.004757,NA
500,0.75,0.05,0.5,-0.5,"Direct",0.75,1.960201,1.972,0.011799,0.000139,NA
500,0.75,0.05,0.5,-0.5,"ISDLT",0.25,0.86365,0.906,0.04235,0.001794,NA
500,0.75,0.05,0.5,-0.5,"ISDLT",0.5,1.33703,1.419,0.08197,0.006719,NA
500,0.75,0.05,0.5,-0.5,"ISDLT",0.75,1.960201,2.023,0.062799,0.003944,NA
500,0.75,0.05,0.5,0,"Direct",0.25,0.86365,0.902,0.03835,0.001471,NA
500,0.75,0.05,0.5,0,"Direct",0.5,1.33703,1.353,0.01597,0.000255,NA
500,0.75,0.05,0.5,0,"Direct",0.75,1.960201,2.017,0.056799,0.003226,NA
500,0.75,0.05,0.5,0,"ISDLT",0.25,0.86365,0.78,-0.08365,0.006997,NA
500,0.75,0.05,0.5,0,"ISDLT",0.5,1.33703,1.337,-3e-05,0,NA
500,0.75,0.05,0.5,0,"ISDLT",0.75,1.960201,2.061,0.100799,0.01016,NA
500,0.75,0.05,0.5,0.5,"Direct",0.25,0.86365,0.873,0.00935,8.7e-05,NA
500,0.75,0.05,0.5,0.5,"Direct",0.5,1.33703,1.383,0.04597,0.002113,NA
500,0.75,0.05,0.5,0.5,"Direct",0.75,1.960201,1.931,-0.029201,0.000853,NA
500,0.75,0.05,0.5,0.5,"ISDLT",0.25,0.86365,0.794,-0.06965,0.004851,NA
500,0.75,0.05,0.5,0.5,"ISDLT",0.5,1.33703,1.443,0.10597,0.01123,NA
500,0.75,0.05,0.5,0.5,"ISDLT",0.75,1.960201,2.217,0.256799,0.065946,NA
500,0.75,0.1,0.05,-0.5,"Direct",0.25,0.86365,0.854,-0.00965,9.3e-05,NA
500,0.75,0.1,0.05,-0.5,"Direct",0.5,1.33703,1.327,-0.01003,0.000101,NA
500,0.75,0.1,0.05,-0.5,"Direct",0.75,1.960201,1.861,-0.099201,0.009841,NA
500,0.75,0.1,0.05,-0.5,"ISDLT",0.25,0.86365,0.892,0.02835,0.000804,NA
500,0.75,0.1,0.05,-0.5,"ISDLT",0.5,1.33703,1.34,0.00297,9e-06,NA
500,0.75,0.1,0.05,-0.5,"ISDLT",0.75,1.960201,1.855,-0.105201,0.011067,NA
500,0.75,0.1,0.05,0,"Direct",0.25,0.86365,0.887,0.02335,0.000545,NA
500,0.75,0.1,0.05,0,"Direct",0.5,1.33703,1.31,-0.02703,0.000731,NA
500,0.75,0.1,0.05,0,"Direct",0.75,1.960201,1.91,-0.050201,0.00252,NA
500,0.75,0.1,0.05,0,"ISDLT",0.25,0.86365,0.895,0.03135,0.000983,NA
500,0.75,0.1,0.05,0,"ISDLT",0.5,1.33703,1.324,-0.01303,0.00017,NA
500,0.75,0.1,0.05,0,"ISDLT",0.75,1.960201,1.928,-0.032201,0.001037,NA
500,0.75,0.1,0.05,0.5,"Direct",0.25,0.86365,0.959,0.09535,0.009092,NA
500,0.75,0.1,0.05,0.5,"Direct",0.5,1.33703,1.447,0.10997,0.012093,NA
500,0.75,0.1,0.05,0.5,"Direct",0.75,1.960201,2.074,0.113799,0.01295,NA
500,0.75,0.1,0.05,0.5,"ISDLT",0.25,0.86365,0.932,0.06835,0.004672,NA
500,0.75,0.1,0.05,0.5,"ISDLT",0.5,1.33703,1.446,0.10897,0.011874,NA
500,0.75,0.1,0.05,0.5,"ISDLT",0.75,1.960201,2.082,0.121799,0.014835,NA
500,0.75,0.1,0.25,-0.5,"Direct",0.25,0.86365,0.801,-0.06265,0.003925,NA
500,0.75,0.1,0.25,-0.5,"Direct",0.5,1.33703,1.288,-0.04903,0.002404,NA
500,0.75,0.1,0.25,-0.5,"Direct",0.75,1.960201,1.878,-0.082201,0.006757,NA
500,0.75,0.1,0.25,-0.5,"ISDLT",0.25,0.86365,0.846,-0.01765,0.000312,NA
500,0.75,0.1,0.25,-0.5,"ISDLT",0.5,1.33703,1.252,-0.08503,0.00723,NA
500,0.75,0.1,0.25,-0.5,"ISDLT",0.75,1.960201,1.814,-0.146201,0.021375,NA
500,0.75,0.1,0.25,0,"Direct",0.25,0.86365,0.872,0.00835,7e-05,NA
500,0.75,0.1,0.25,0,"Direct",0.5,1.33703,1.331,-0.00603,3.6e-05,NA
500,0.75,0.1,0.25,0,"Direct",0.75,1.960201,1.912,-0.048201,0.002323,NA
500,0.75,0.1,0.25,0,"ISDLT",0.25,0.86365,0.852,-0.01165,0.000136,NA
500,0.75,0.1,0.25,0,"ISDLT",0.5,1.33703,1.353,0.01597,0.000255,NA
500,0.75,0.1,0.25,0,"ISDLT",0.75,1.960201,1.954,-0.006201,3.8e-05,NA
500,0.75,0.1,0.25,0.5,"Direct",0.25,0.86365,0.871,0.00735,5.4e-05,NA
500,0.75,0.1,0.25,0.5,"Direct",0.5,1.33703,1.327,-0.01003,0.000101,NA
500,0.75,0.1,0.25,0.5,"Direct",0.75,1.960201,1.927,-0.033201,0.001102,NA
500,0.75,0.1,0.25,0.5,"ISDLT",0.25,0.86365,0.823,-0.04065,0.001652,NA
500,0.75,0.1,0.25,0.5,"ISDLT",0.5,1.33703,1.334,-0.00303,9e-06,NA
500,0.75,0.1,0.25,0.5,"ISDLT",0.75,1.960201,2.055,0.094799,0.008987,NA
500,0.75,0.1,0.5,-0.5,"Direct",0.25,0.86365,0.818,-0.04565,0.002084,NA
500,0.75,0.1,0.5,-0.5,"Direct",0.5,1.33703,1.316,-0.02103,0.000442,NA
500,0.75,0.1,0.5,-0.5,"Direct",0.75,1.960201,1.938,-0.022201,0.000493,NA
500,0.75,0.1,0.5,-0.5,"ISDLT",0.25,0.86365,0.826,-0.03765,0.001418,NA
500,0.75,0.1,0.5,-0.5,"ISDLT",0.5,1.33703,1.351,0.01397,0.000195,NA
500,0.75,0.1,0.5,-0.5,"ISDLT",0.75,1.960201,1.952,-0.008201,6.7e-05,NA
500,0.75,0.1,0.5,0,"Direct",0.25,0.86365,0.873,0.00935,8.7e-05,NA
500,0.75,0.1,0.5,0,"Direct",0.5,1.33703,1.361,0.02397,0.000575,NA
500,0.75,0.1,0.5,0,"Direct",0.75,1.960201,2.082,0.121799,0.014835,NA
500,0.75,0.1,0.5,0,"ISDLT",0.25,0.86365,0.826,-0.03765,0.001418,NA
500,0.75,0.1,0.5,0,"ISDLT",0.5,1.33703,1.399,0.06197,0.00384,NA
500,0.75,0.1,0.5,0,"ISDLT",0.75,1.960201,2.126,0.165799,0.027489,NA
500,0.75,0.1,0.5,0.5,"Direct",0.25,0.86365,0.865,0.00135,2e-06,NA
500,0.75,0.1,0.5,0.5,"Direct",0.5,1.33703,1.39,0.05297,0.002806,NA
500,0.75,0.1,0.5,0.5,"Direct",0.75,1.960201,2.063,0.102799,0.010568,NA
500,0.75,0.1,0.5,0.5,"ISDLT",0.25,0.86365,0.797,-0.06665,0.004442,NA
500,0.75,0.1,0.5,0.5,"ISDLT",0.5,1.33703,1.467,0.12997,0.016892,NA
500,0.75,0.1,0.5,0.5,"ISDLT",0.75,1.960201,2.295,0.334799,0.11209,NA
500,0.75,0.5,0.05,-0.5,"Direct",0.25,0.86365,0.899,0.03535,0.00125,NA
500,0.75,0.5,0.05,-0.5,"Direct",0.5,1.33703,1.394,0.05697,0.003246,NA
500,0.75,0.5,0.05,-0.5,"Direct",0.75,1.960201,2.039,0.078799,0.006209,NA
500,0.75,0.5,0.05,-0.5,"ISDLT",0.25,0.86365,0.936,0.07235,0.005235,NA
500,0.75,0.5,0.05,-0.5,"ISDLT",0.5,1.33703,1.449,0.11197,0.012537,NA
500,0.75,0.5,0.05,-0.5,"ISDLT",0.75,1.960201,2.087,0.126799,0.016078,NA
500,0.75,0.5,0.05,0,"Direct",0.25,0.86365,0.865,0.00135,2e-06,NA
500,0.75,0.5,0.05,0,"Direct",0.5,1.33703,1.295,-0.04203,0.001767,NA
500,0.75,0.5,0.05,0,"Direct",0.75,1.960201,1.976,0.015799,0.00025,NA
500,0.75,0.5,0.05,0,"ISDLT",0.25,0.86365,0.82,-0.04365,0.001905,NA
500,0.75,0.5,0.05,0,"ISDLT",0.5,1.33703,1.29,-0.04703,0.002212,NA
500,0.75,0.5,0.05,0,"ISDLT",0.75,1.960201,2.073,0.112799,0.012724,NA
500,0.75,0.5,0.05,0.5,"Direct",0.25,0.86365,0.898,0.03435,0.00118,NA
500,0.75,0.5,0.05,0.5,"Direct",0.5,1.33703,1.392,0.05497,0.003022,NA
500,0.75,0.5,0.05,0.5,"Direct",0.75,1.960201,1.953,-0.007201,5.2e-05,NA
500,0.75,0.5,0.05,0.5,"ISDLT",0.25,0.86365,0.802,-0.06165,0.003801,NA
500,0.75,0.5,0.05,0.5,"ISDLT",0.5,1.33703,1.472,0.13497,0.018217,NA
500,0.75,0.5,0.05,0.5,"ISDLT",0.75,1.960201,2.196,0.235799,0.055601,NA
500,0.75,0.5,0.25,-0.5,"Direct",0.25,0.86365,0.79,-0.07365,0.005424,NA
500,0.75,0.5,0.25,-0.5,"Direct",0.5,1.33703,1.29,-0.04703,0.002212,NA
500,0.75,0.5,0.25,-0.5,"Direct",0.75,1.960201,1.852,-0.108201,0.011707,NA
500,0.75,0.5,0.25,-0.5,"ISDLT",0.25,0.86365,0.966,0.10235,0.010476,NA
500,0.75,0.5,0.25,-0.5,"ISDLT",0.5,1.33703,1.52,0.18297,0.033478,NA
500,0.75,0.5,0.25,-0.5,"ISDLT",0.75,1.960201,2.102,0.141799,0.020107,NA
500,0.75,0.5,0.25,0,"Direct",0.25,0.86365,0.842,-0.02165,0.000469,NA
500,0.75,0.5,0.25,0,"Direct",0.5,1.33703,1.322,-0.01503,0.000226,NA
500,0.75,0.5,0.25,0,"Direct",0.75,1.960201,1.959,-0.001201,1e-06,NA
500,0.75,0.5,0.25,0,"ISDLT",0.25,0.86365,0.794,-0.06965,0.004851,NA
500,0.75,0.5,0.25,0,"ISDLT",0.5,1.33703,1.356,0.01897,0.00036,NA
500,0.75,0.5,0.25,0,"ISDLT",0.75,1.960201,2.022,0.061799,0.003819,NA
500,0.75,0.5,0.25,0.5,"Direct",0.25,0.86365,0.829,-0.03465,0.001201,NA
500,0.75,0.5,0.25,0.5,"Direct",0.5,1.33703,1.314,-0.02303,0.00053,NA
500,0.75,0.5,0.25,0.5,"Direct",0.75,1.960201,1.948,-0.012201,0.000149,NA
500,0.75,0.5,0.25,0.5,"ISDLT",0.25,0.86365,0.669,-0.19465,0.037889,NA
500,0.75,0.5,0.25,0.5,"ISDLT",0.5,1.33703,1.362,0.02497,0.000623,NA
500,0.75,0.5,0.25,0.5,"ISDLT",0.75,1.960201,2.127,0.166799,0.027822,NA
500,0.75,0.5,0.5,-0.5,"Direct",0.25,0.86365,0.91,0.04635,0.002148,NA
500,0.75,0.5,0.5,-0.5,"Direct",0.5,1.33703,1.362,0.02497,0.000623,NA
500,0.75,0.5,0.5,-0.5,"Direct",0.75,1.960201,2.067,0.106799,0.011406,NA
500,0.75,0.5,0.5,-0.5,"ISDLT",0.25,0.86365,0.934,0.07035,0.004949,NA
500,0.75,0.5,0.5,-0.5,"ISDLT",0.5,1.33703,1.513,0.17597,0.030965,NA
500,0.75,0.5,0.5,-0.5,"ISDLT",0.75,1.960201,2.154,0.193799,0.037558,NA
500,0.75,0.5,0.5,0,"Direct",0.25,0.86365,0.868,0.00435,1.9e-05,NA
500,0.75,0.5,0.5,0,"Direct",0.5,1.33703,1.308,-0.02903,0.000843,NA
500,0.75,0.5,0.5,0,"Direct",0.75,1.960201,1.964,0.003799,1.4e-05,NA
500,0.75,0.5,0.5,0,"ISDLT",0.25,0.86365,0.737,-0.12665,0.01604,NA
500,0.75,0.5,0.5,0,"ISDLT",0.5,1.33703,1.433,0.09597,0.00921,NA
500,0.75,0.5,0.5,0,"ISDLT",0.75,1.960201,2.216,0.255799,0.065433,NA
500,0.75,0.5,0.5,0.5,"Direct",0.25,0.86365,0.803,-0.06065,0.003678,NA
500,0.75,0.5,0.5,0.5,"Direct",0.5,1.33703,1.26,-0.07703,0.005934,NA
500,0.75,0.5,0.5,0.5,"Direct",0.75,1.960201,1.877,-0.083201,0.006922,NA
500,0.75,0.5,0.5,0.5,"ISDLT",0.25,0.86365,0.57,-0.29365,0.08623,NA
500,0.75,0.5,0.5,0.5,"ISDLT",0.5,1.33703,1.343,0.00597,3.6e-05,NA
500,0.75,0.5,0.5,0.5,"ISDLT",0.75,1.960201,2.265,0.304799,0.092902,NA
